__run_id,__done,algorithm,arena,map_resolution,linear_update,angular_update,repetition,avg_cpu,avg_mem,energy,rosbag_msg_count,rosbag_msg_size
run_1,DONE,hector,point_to_point,0.1,1.0,0.0174,1,27.367199651109242,780349040.7509025,811694.5559193749,40713,3283512
run_2,DONE,gmapping,point_to_point,0.1,0.2,0.0174,1,39.16658247923363,650098818.8774943,836503.3531068144,43282,3489688
run_3,DONE,cartographer,point_to_point,0.1,1.0,0.0174,1,44.67623839800569,686482165.1145573,822121.3909894369,67732,4970488
run_4,DONE,hector,point_to_point,0.05,0.2,0.9,1,29.950241946129815,775278520.0305576,809836.0389686603,39376,3176440
run_5,DONE,cartographer,point_to_point,0.05,1.0,0.9,1,43.68500796536412,687999162.9413564,812694.8455317253,67045,4921248
run_6,DONE,hector,point_to_point,0.05,1.0,0.9,1,29.032642548071905,777044316.053886,799364.8132670401,39475,3184992
run_7,DONE,karto,circular,0.1,1.0,0.0174,1,31.527507882324436,654285183.4864022,925221.9016679324,44027,3540752
run_8,DONE,cartographer,point_to_point,0.05,0.2,0.0174,1,49.58635908993458,687764119.043873,804621.7464145711,61278,4457808
run_9,DONE,gmapping,circular,0.05,0.2,0.0174,1,57.375614404834074,661319508.7759634,907207.3755394123,33993,2724440
run_10,DONE,gmapping,circular,0.05,0.2,0.0174,2,57.69057685646657,665582483.9531046,903712.9168468957,33937,2720152
run_11,DONE,karto,point_to_point,0.05,0.2,0.9,1,32.05339244504518,651064186.7503798,802838.1958906074,37752,3043656
run_12,DONE,cartographer,point_to_point,0.1,1.0,0.0174,2,45.5354961426798,688743414.7655311,815456.9484449447,63412,4624096
run_13,DONE,cartographer,point_to_point,0.1,1.0,0.0174,3,47.531620034004526,689053719.6228687,813051.0347805975,62672,4568368
run_14,DONE,cartographer,point_to_point,0.1,1.0,0.9,1,45.93715032529831,688105768.96,818735.5882076591,65888,4833920
run_15,DONE,karto,point_to_point,0.05,1.0,0.0174,1,34.66077739897972,645148248.889798,789650.1383638416,34553,2775120
run_16,DONE,karto,circular,0.05,1.0,0.9,1,31.74300979418739,645675586.4427481,927179.9781699913,44952,3624064
run_17,DONE,gmapping,point_to_point,0.05,0.2,0.9,1,44.14075174050111,653136635.8011607,797477.7481047832,33363,2682264
run_18,DONE,karto,circular,0.05,1.0,0.9,2,29.74806759083128,647476140.751666,927999.2037602992,44618,3597312
run_19,DONE,karto,circular,0.05,0.2,0.9,1,28.27732744684198,648380322.9505568,928361.678652002,46061,3713400
run_20,DONE,cartographer,circular,0.1,1.0,0.0174,1,46.025433453571445,687964766.0589255,953977.3638774626,77233,5652800
run_21,DONE,hector,circular,0.05,0.2,0.0174,1,28.87705833072603,778619663.8362261,933231.5557445426,46132,3720896
run_22,DONE,karto,point_to_point,0.05,1.0,0.9,1,29.644588471912755,651601155.1219512,813906.3070922953,39230,3164760
run_23,DONE,hector,circular,0.05,1.0,0.9,1,31.470735371060947,778859299.8711923,932440.5250078519,46216,3727696
run_24,DONE,cartographer,circular,0.05,1.0,0.0174,1,45.401451412413266,690274937.4294996,954409.7120857468,77917,5714576
run_25,DONE,cartographer,circular,0.05,0.2,0.9,1,44.97696004819922,687938283.5978284,945966.9119286257,74940,5481816
run_26,DONE,gmapping,point_to_point,0.1,1.0,0.9,1,33.33722665152269,653078487.956779,798729.6301615135,37408,3015536
run_27,DONE,cartographer,circular,0.1,1.0,0.9,1,45.796811590794626,688155691.0924078,948951.9423479346,76908,5639416
run_28,DONE,karto,circular,0.1,0.2,0.0174,1,32.272539495600775,656571440.4585648,925143.8668530785,44166,3551648
run_29,DONE,cartographer,point_to_point,0.05,1.0,0.0174,1,48.063760903663464,690643557.4657881,812992.4910571935,63735,4663888
run_30,DONE,karto,point_to_point,0.1,1.0,0.9,1,31.76595309215705,653018600.5137615,797482.4884431252,39143,3157448
run_31,DONE,cartographer,circular,0.1,0.2,0.9,1,42.41567930976072,690669670.5567461,948246.1730822591,77799,5704472
run_32,DONE,cartographer,circular,0.05,1.0,0.9,1,42.44985808337238,690686941.7247866,948397.6291489131,77356,5673312
run_33,DONE,hector,circular,0.1,1.0,0.9,1,28.83981089021837,779506388.0171132,935172.3506093927,46132,3721328
run_34,DONE,gmapping,circular,0.1,0.2,0.0174,1,44.0339663065669,656246395.501419,968350.4249615051,47327,3813872
run_35,DONE,karto,circular,0.05,1.0,0.0174,1,29.337424771803295,657082471.7482705,935576.1357688763,45983,3700680
run_36,DONE,gmapping,circular,0.1,1.0,0.0174,1,43.76875261089659,656121619.3144352,969756.4485285676,47116,3796584
run_37,DONE,hector,point_to_point,0.05,1.0,0.0174,1,28.51810925035118,784718603.7382792,808701.7360493055,40007,3228024
run_38,DONE,cartographer,circular,0.1,0.2,0.0174,1,45.90675495929805,692678990.3130548,956382.950867659,78178,5732712
run_39,DONE,cartographer,point_to_point,0.05,1.0,0.0174,2,44.975624650627466,691373767.992008,827080.9319767805,67119,4926560
run_40,DONE,gmapping,circular,0.05,1.0,0.0174,1,43.39807894552048,657192422.1820563,966499.925321239,47490,3826640
run_41,DONE,karto,circular,0.1,0.2,0.9,1,27.18892687935892,650563725.5625284,921365.1404859772,45459,3663800
run_42,DONE,gmapping,circular,0.05,1.0,0.9,1,30.81615320246824,656406734.4225352,934937.2419667172,45947,3703912
run_43,DONE,gmapping,point_to_point,0.05,1.0,0.0174,1,55.44497439813614,656405376.0,787602.696506986,30036,2410496
run_44,DONE,karto,circular,0.05,0.2,0.0174,1,32.973724213640544,653647062.5841477,937286.1241965975,46133,3711368
run_45,DONE,hector,circular,0.05,0.2,0.9,1,29.566154180032825,778856450.2490666,933847.8733170864,46897,3784528
run_46,DONE,gmapping,point_to_point,0.1,0.2,0.0174,2,40.35880867511801,651752631.5032811,843775.7515657672,43125,3474808
run_47,DONE,karto,point_to_point,0.1,0.2,0.0174,1,28.23551124931451,652506282.2731233,810086.1525921291,40479,3258040
run_48,DONE,gmapping,point_to_point,0.1,0.2,0.9,1,33.06547017044438,652284679.5065722,819192.8688122341,41227,3324240
run_49,DONE,cartographer,circular,0.05,0.2,0.0174,1,44.23875325312989,690435961.6540377,958946.6857878509,79866,5866560
run_50,DONE,karto,circular,0.05,0.2,0.0174,2,29.360088461143537,654414615.1390055,939264.4247980482,46782,3763784
run_51,DONE,cartographer,circular,0.05,0.2,0.9,2,41.090301890465305,688824926.9793881,959414.4236350848,80086,5879032
run_52,DONE,cartographer,point_to_point,0.05,1.0,0.9,2,42.7546683205287,687737633.6135796,828588.2366020085,69368,5096496
run_53,DONE,karto,point_to_point,0.1,1.0,0.0174,1,29.13721771431165,652902169.7577002,811981.7363822445,40722,3277944
run_54,DONE,gmapping,circular,0.05,1.0,0.0174,2,43.72232118012516,659023131.764399,984741.4411358587,49833,4016936
run_55,DONE,cartographer,circular,0.05,0.2,0.9,3,42.07686680948753,688990306.8322874,958444.6513580314,80152,5878792
run_56,DONE,gmapping,circular,0.05,1.0,0.9,2,31.14715355450562,657572905.5745808,940220.9759062296,47101,3797448
run_57,DONE,karto,circular,0.05,1.0,0.9,3,26.678822541306264,650397993.5491381,929285.6856570592,46755,3769040
run_58,DONE,cartographer,circular,0.05,0.2,0.0174,2,44.23747323592057,691036434.7209,957031.7233765954,80028,5879072
run_59,DONE,gmapping,point_to_point,0.1,1.0,0.9,2,31.259798477518768,653444074.8493702,810305.6337313993,40895,3297984
run_60,DONE,hector,circular,0.05,0.2,0.9,2,27.666088933944703,785033269.703111,930966.2157652536,47202,3807104
run_61,DONE,hector,circular,0.05,1.0,0.0174,1,28.835566910243706,778696693.548702,925266.0565500407,47157,3800872
run_62,DONE,gmapping,point_to_point,0.05,0.2,0.0174,1,47.64138710659984,649101903.7356035,855046.1859820981,44426,3581320
run_63,DONE,hector,point_to_point,0.1,1.0,0.9,1,30.76335446189289,774093591.615756,807635.4962999251,40968,3305688
run_64,DONE,hector,point_to_point,0.05,1.0,0.0174,2,27.783033936175478,773129995.0390143,804617.4323301286,40995,3307600
run_65,DONE,karto,circular,0.05,0.2,0.0174,3,30.436226510736972,651852891.1485016,936957.1057897877,47319,3800856
run_66,DONE,gmapping,circular,0.05,0.2,0.0174,3,49.087201669573005,652847523.3735358,986023.3209190976,51093,4117944
run_67,DONE,cartographer,circular,0.1,0.2,0.9,2,41.183200168878024,683612798.0324745,951068.7453202876,80581,5914352
run_68,DONE,karto,point_to_point,0.1,0.2,0.9,1,26.554517123265306,648369522.8367612,807513.9276902805,40617,3277008
run_69,DONE,hector,point_to_point,0.1,0.2,0.9,1,28.23304261789376,779309433.2355053,811516.731380667,41226,3326504
run_70,DONE,hector,circular,0.05,0.2,0.9,3,30.234812175994545,779027480.9646387,938311.6448412553,47404,3824320
run_71,DONE,karto,circular,0.1,0.2,0.9,2,29.75137875891668,649013086.7081403,944203.1443627265,46283,3730288
run_72,DONE,hector,point_to_point,0.05,1.0,0.9,2,29.62478283710119,782248127.5094533,821976.59534416,40480,3266000
run_73,DONE,cartographer,point_to_point,0.1,0.2,0.9,1,42.158972160638285,685668947.4379835,838958.384250982,69265,5084120
run_74,DONE,hector,circular,0.1,1.0,0.9,2,27.750110899424076,784105949.7152994,936165.7348095162,46973,3788200
run_75,DONE,gmapping,point_to_point,0.1,0.2,0.0174,3,40.10361934426283,651623299.3368767,844077.4925982724,42722,3445176
run_76,DONE,karto,circular,0.05,0.2,0.9,2,29.142294153249615,650161257.9621313,936429.5874844097,46682,3762072
run_77,DONE,hector,point_to_point,0.05,0.2,0.9,2,30.758547615055118,780046944.3066062,809744.3241426072,40461,3263112
run_78,DONE,gmapping,point_to_point,0.05,1.0,0.0174,2,39.841740423174045,658920500.5858841,843352.4478050307,42782,3450272
run_79,DONE,hector,circular,0.05,0.2,0.0174,2,27.175373367086827,785741079.5631825,943897.4691516237,46622,3760200
run_80,DONE,gmapping,circular,0.1,1.0,0.9,1,28.252788336905763,653977142.7149522,939600.9057167671,46583,3757656
run_81,DONE,gmapping,circular,0.1,0.2,0.9,1,33.98601866670473,654576544.4801043,946599.33319577,47209,3808424
run_82,DONE,gmapping,circular,0.05,0.2,0.9,1,34.148903485975765,663003192.5894737,948370.3443592385,47310,3813312
run_83,DONE,karto,circular,0.1,1.0,0.9,1,29.795713942498782,651810484.1460748,934486.4111060507,46217,3727120
run_84,DONE,karto,point_to_point,0.05,0.2,0.0174,1,31.749660687519697,647377318.0557929,812145.6114640712,40554,3260968
run_85,DONE,hector,circular,0.1,1.0,0.9,3,27.930424097329478,784969670.1027597,941978.2394382267,47034,3793632
run_86,DONE,karto,point_to_point,0.05,0.2,0.0174,2,28.858510151343584,651853619.5178479,823202.8961545699,40572,3265120
run_87,DONE,hector,circular,0.05,0.2,0.9,4,29.910441844325508,782562807.1083754,945779.4504588547,46725,3771056
run_88,DONE,karto,circular,0.1,0.2,0.0174,2,28.55596071323061,651131960.5707896,942649.4141192749,46714,3758736
run_89,DONE,karto,circular,0.05,0.2,0.0174,4,28.80577569114447,652160614.3093605,939025.627363025,46857,3768520
run_90,DONE,cartographer,circular,0.1,1.0,0.0174,2,41.36799771306209,688158786.2078542,961206.1626028361,79905,5865720
run_91,DONE,cartographer,point_to_point,0.05,0.2,0.9,1,42.81603029443976,687328122.2791511,831593.3047257542,69216,5080360
run_92,DONE,karto,point_to_point,0.1,1.0,0.0174,2,28.67715975872158,652335724.0174314,811638.3913510133,40521,3261384
run_93,DONE,gmapping,circular,0.05,1.0,0.9,3,31.253800874700527,657678286.9300805,938447.0108393884,46742,3767648
run_94,DONE,hector,circular,0.1,0.2,0.0174,1,30.135543751569053,783135601.8532273,934804.1140926578,46576,3758368
run_95,DONE,karto,circular,0.1,1.0,0.0174,2,28.392400620289557,654400762.3924899,938734.6886716207,46528,3743520
run_96,DONE,hector,point_to_point,0.05,1.0,0.9,3,30.49536987567704,782382826.7418219,810383.5363408083,40535,3268232
run_97,DONE,hector,circular,0.1,1.0,0.9,4,29.289662038197655,787291450.6419262,936753.3922134344,46746,3770184
run_98,DONE,hector,circular,0.05,1.0,0.9,2,27.560923206680645,785715463.399507,937749.2710145712,46694,3766736
run_99,DONE,cartographer,point_to_point,0.05,1.0,0.0174,3,40.45862529110909,690828353.536,828545.4986021572,69184,5085056
run_100,DONE,hector,circular,0.05,1.0,0.9,3,27.651510494118636,783943507.1346068,934908.3541076458,46821,3775144
run_101,DONE,gmapping,circular,0.1,1.0,0.9,2,28.32120477371572,655552605.7737275,938863.4886738623,46527,3750576
run_102,DONE,hector,circular,0.1,0.2,0.0174,2,27.76924792766359,790636685.2728082,945481.4005041744,46600,3760872
run_103,DONE,hector,point_to_point,0.1,0.2,0.0174,1,30.53532824853454,783700335.1919192,810555.9418961963,40403,3261928
run_104,DONE,karto,circular,0.05,1.0,0.9,4,27.65043307801445,653490849.5705086,936058.8635050204,45826,3696088
run_105,DONE,cartographer,circular,0.1,0.2,0.9,3,39.92241264102055,691535254.6730186,954504.1237534498,80166,5879480
run_106,DONE,gmapping,point_to_point,0.05,1.0,0.9,1,28.232154816137104,659999422.6062003,813317.5999499562,40542,3268776
run_107,DONE,cartographer,point_to_point,0.1,1.0,0.0174,4,40.885960869809374,691977549.3180115,833912.3239703223,69324,5089720
run_108,DONE,karto,circular,0.05,0.2,0.9,3,26.8861662566622,654033606.8006238,933892.4565930428,46317,3735584
run_109,DONE,hector,point_to_point,0.1,1.0,0.0174,2,31.46484722993227,780068332.7711568,811463.0152557793,39948,3224488
run_110,DONE,hector,circular,0.05,1.0,0.0174,2,29.176570712375806,780681616.3071554,943982.4594641906,46257,3731536
run_111,DONE,cartographer,point_to_point,0.05,1.0,0.9,3,42.948276146121884,690131007.4562719,828604.9565283324,67694,4975040
run_112,DONE,cartographer,circular,0.05,0.2,0.9,4,42.24480101843228,692738290.2461005,960260.823457231,80015,5873864
run_113,DONE,karto,point_to_point,0.1,1.0,0.0174,3,28.244889648253327,656770314.6502311,813439.6791291836,40405,3252008
run_114,DONE,hector,circular,0.1,0.2,0.9,1,27.497241428192783,786320218.8387097,933741.2526529066,46830,3775272
run_115,DONE,cartographer,circular,0.1,0.2,0.0174,2,43.90013005865487,694762747.5709343,958368.1079165316,79906,5860248
run_116,DONE,gmapping,circular,0.05,1.0,0.0174,3,44.014248345503475,660110486.8044376,979680.9292481161,49423,3983312
run_117,DONE,hector,circular,0.05,0.2,0.0174,3,28.70531445271785,783186604.7829938,938537.9927796738,46525,3754176
run_118,DONE,cartographer,circular,0.05,0.2,0.0174,3,42.634315091001184,691344108.4355922,962175.4864538277,79622,5843720
run_119,DONE,karto,point_to_point,0.1,0.2,0.0174,2,28.499075825682652,653582037.3442875,812631.9687386656,40411,3251272
run_120,DONE,karto,point_to_point,0.1,1.0,0.0174,4,27.90261547871125,653451352.2215384,811198.7534468086,40177,3236088
run_121,DONE,cartographer,point_to_point,0.1,1.0,0.0174,5,43.58890028111683,689744897.2771264,827514.8853733017,69361,5092000
run_122,DONE,cartographer,circular,0.05,1.0,0.9,2,42.59878928417978,689999243.9584775,957636.0318960856,79949,5865584
run_123,DONE,cartographer,circular,0.05,1.0,0.9,3,43.89158588700704,689690974.4148821,957961.0251115793,79942,5863712
run_124,DONE,cartographer,point_to_point,0.1,0.2,0.0174,1,41.05497035137066,690486956.3716284,826912.7907582938,69296,5087568
run_125,DONE,hector,circular,0.05,1.0,0.0174,3,30.436951268836125,788105523.2670889,932611.4209941995,46557,3756192
run_126,DONE,gmapping,circular,0.05,1.0,0.9,4,28.949124422075478,658810291.1602749,940807.0183956842,46626,3759296
run_127,DONE,gmapping,point_to_point,0.05,1.0,0.9,2,31.153000211943162,658615334.8209893,809924.785514807,40537,3269456
run_128,DONE,hector,circular,0.1,1.0,0.0174,1,27.504103190588843,786728293.252018,935629.7728614017,46519,3750952
run_129,DONE,cartographer,point_to_point,0.05,0.2,0.9,2,41.08195448325852,689483765.7906281,829808.4335985061,69300,5087192
run_130,DONE,hector,circular,0.05,0.2,0.0174,4,27.78805772352455,780763501.4835511,933674.8615734418,46567,3755208
run_131,DONE,karto,circular,0.1,1.0,0.9,2,29.253172858590894,651805724.2328228,931234.629206659,46139,3719216
run_132,DONE,hector,circular,0.1,1.0,0.0174,2,27.49784545843361,784381687.2430031,944942.0464047258,46667,3762560
run_133,DONE,cartographer,circular,0.05,0.2,0.9,5,44.26798730536457,690644395.3316017,962300.879359023,80114,5876984
run_134,DONE,cartographer,circular,0.1,1.0,0.9,2,43.46003495658417,689606841.335354,960456.7009614449,80329,5889960
run_135,DONE,karto,point_to_point,0.05,0.2,0.0174,3,28.90213965495144,654710855.9877738,810963.9811890606,40478,3257232
run_136,DONE,gmapping,circular,0.05,0.2,0.9,2,34.517588109932724,660138059.7858076,945082.6198915284,47308,3813056
run_137,DONE,hector,point_to_point,0.05,0.2,0.9,3,30.706733634603683,780170544.6271356,809790.5438951638,40443,3261768
run_138,DONE,cartographer,circular,0.1,1.0,0.0174,3,43.288226647265354,692083318.5637467,958745.0338905117,79804,5851480
run_139,DONE,gmapping,circular,0.1,1.0,0.9,3,28.938080472380445,654526910.3648078,936881.1240162646,46522,3749176
run_140,DONE,karto,circular,0.1,0.2,0.0174,3,31.28617160307821,655881373.8815331,933016.843530496,46516,3744584
run_141,DONE,hector,point_to_point,0.05,0.2,0.0174,1,28.741761078918017,782437696.5932028,807911.8596528255,40483,3265192
run_142,DONE,karto,circular,0.05,1.0,0.0174,2,28.432763684576546,655974878.245505,932472.2738610478,46425,3734024
run_143,DONE,gmapping,point_to_point,0.05,0.2,0.9,2,31.00780217760622,659654674.7985722,817996.9688216832,40813,3291312
run_144,DONE,karto,point_to_point,0.05,1.0,0.0174,2,28.031751825675563,654407023.946653,810025.7081751187,40496,3258504
run_145,DONE,hector,point_to_point,0.05,0.2,0.0174,2,30.78529933686469,780987528.9681529,809405.8263615362,40450,3263456
run_146,DONE,gmapping,circular,0.1,1.0,0.0174,2,41.15752351822929,658211065.5706487,971458.6177349462,49590,3996536
run_147,DONE,cartographer,circular,0.05,1.0,0.0174,2,43.91495701864168,695685557.0839827,956793.5038633412,79710,5850776
run_148,DONE,cartographer,point_to_point,0.1,0.2,0.0174,2,43.23179469621476,691511365.5103569,826054.7314159181,69090,5070104
run_149,DONE,hector,point_to_point,0.1,1.0,0.9,2,30.53087414461534,781440624.5416877,804661.6371959228,40496,3266272
run_150,DONE,hector,circular,0.1,0.2,0.9,2,28.12184729372841,787362029.357016,933742.7577769349,46443,3745904
run_151,DONE,cartographer,point_to_point,0.05,0.2,0.9,3,42.85832326787649,690335217.5612677,824460.9193050361,69301,5089976
run_152,DONE,cartographer,point_to_point,0.05,0.2,0.0174,2,41.193460107147246,691138425.0344484,827591.1363255264,69165,5082288
run_153,DONE,cartographer,point_to_point,0.1,0.2,0.9,2,41.80856250895302,689246329.6734898,827995.9782510903,69301,5089912
run_154,DONE,cartographer,point_to_point,0.1,0.2,0.9,3,42.81114758208107,689347638.5143714,824134.9388292835,69489,5103504
run_155,DONE,gmapping,circular,0.05,0.2,0.9,3,32.16545255968376,671130493.3439294,943682.5558126968,47322,3814456
run_156,DONE,cartographer,circular,0.05,1.0,0.9,4,43.54796568924215,689882533.1255411,957452.9609143784,80167,5885680
run_157,DONE,karto,circular,0.05,1.0,0.0174,3,28.514778627734817,658556919.3394169,933544.610205576,46616,3748792
run_158,DONE,cartographer,point_to_point,0.05,0.2,0.0174,3,44.29612910807073,690848696.3916084,825742.5401614915,69044,5072024
run_159,DONE,cartographer,point_to_point,0.05,1.0,0.0174,4,43.671781752399816,691715898.762475,827639.2547593816,68904,5061520
run_160,DONE,hector,circular,0.05,1.0,0.9,4,28.68062572074336,785765802.7620112,928382.2411618461,46790,3772744
run_161,DONE,karto,point_to_point,0.1,0.2,0.0174,3,30.257391978792388,654906655.5066969,809610.1860334147,40358,3247760
run_162,DONE,karto,circular,0.1,0.2,0.0174,4,32.210298892584476,656311920.0523674,931591.6216265322,46641,3751848
run_163,DONE,cartographer,point_to_point,0.1,1.0,0.9,2,43.40743174826415,689061127.0224439,826270.3089838639,69095,5072128
run_164,DONE,hector,circular,0.05,0.2,0.9,5,28.465389806309908,785742345.1756272,929704.7458806955,46598,3760416
run_165,DONE,karto,point_to_point,0.05,0.2,0.9,2,26.804637530202474,652290642.5129387,806178.0955108803,40262,3244776
run_166,DONE,gmapping,point_to_point,0.05,0.2,0.9,3,31.239109344423838,675380769.9411314,815873.1287892433,40903,3297976
run_167,DONE,hector,point_to_point,0.05,1.0,0.0174,3,27.66349699697124,782576871.394683,807649.7308140189,40471,3263752
run_168,DONE,karto,circular,0.1,1.0,0.9,3,26.84415099348265,652640024.1509434,930290.2814788412,46117,3719984
run_169,DONE,karto,point_to_point,0.05,1.0,0.9,2,32.21322782379556,652482869.4618474,805584.3995517155,40110,3233512
run_170,DONE,karto,point_to_point,0.05,1.0,0.9,3,30.68775454207764,651159334.171486,806084.5210617252,39857,3215832
run_171,DONE,hector,point_to_point,0.1,1.0,0.9,3,27.223345378779825,783595014.5674706,805769.1936827957,40286,3249752
run_172,DONE,gmapping,circular,0.1,0.2,0.0174,2,43.23717833979391,661476894.5904928,973670.0899382427,49416,3982992
run_173,DONE,karto,circular,0.05,0.2,0.9,4,30.834084407319857,652553402.1614527,931080.3801747056,46277,3728136
run_174,DONE,gmapping,point_to_point,0.1,1.0,0.0174,1,42.599749319893974,659634758.0631579,839124.9823357527,42754,3445432
run_175,DONE,hector,circular,0.1,1.0,0.9,5,28.00795382580421,785436196.0595423,929700.9705779658,46715,3766976
run_176,DONE,gmapping,point_to_point,0.1,1.0,0.9,3,31.941142401865637,658726860.4650227,808668.5892528915,40275,3246912
run_177,DONE,hector,point_to_point,0.1,0.2,0.9,2,30.071194530975433,787491302.1935484,807091.0109110209,40437,3262104
run_178,DONE,hector,circular,0.1,0.2,0.0174,3,28.118566079592384,791062901.8880284,929139.174706934,46525,3754624
run_179,DONE,gmapping,circular,0.1,1.0,0.0174,3,41.08355867004894,663358309.9310946,972691.2652942133,49558,3994632
run_180,DONE,gmapping,point_to_point,0.05,1.0,0.9,3,31.445946582254447,684073370.4249748,808054.3402309136,40434,3257560
run_181,DONE,cartographer,point_to_point,0.1,0.2,0.9,4,42.82042938873755,690735656.2294836,825658.3102762362,69112,5072168
run_182,DONE,cartographer,circular,0.1,1.0,0.0174,4,41.27088696388627,692673289.3787123,950675.7737218615,79877,5857472
run_183,DONE,hector,point_to_point,0.1,0.2,0.0174,2,27.374967833221742,783115983.36066,804158.8017877688,40324,3255896
run_184,DONE,gmapping,circular,0.1,0.2,0.9,2,30.767939673647366,662719629.8685613,943574.8372196289,47130,3801544
run_185,DONE,gmapping,circular,0.1,1.0,0.9,4,31.744021107409658,661375717.8982602,932665.8949174989,46508,3749240
run_186,DONE,cartographer,point_to_point,0.05,1.0,0.0174,5,44.66265633412141,692028384.8147779,827934.8709126068,69221,5084912
run_187,DONE,gmapping,point_to_point,0.05,0.2,0.9,4,31.647184743698993,685977166.9197452,815348.8547668167,40943,3300936
run_188,DONE,gmapping,circular,0.1,0.2,0.0174,3,44.23308689656465,663838948.8417392,973272.365133214,49507,3990920
run_189,DONE,hector,point_to_point,0.05,1.0,0.9,4,27.61957814314999,782063784.0761513,805382.8518227168,40470,3264208
run_190,DONE,hector,circular,0.05,0.2,0.0174,5,27.314871282887218,783955818.9294513,930254.631495013,46573,3758648
run_191,DONE,gmapping,point_to_point,0.05,0.2,0.0174,2,42.829134204965015,687045272.5079046,839143.873833073,42727,3445224
run_192,DONE,hector,circular,0.1,0.2,0.9,3,27.830462143634026,788848304.6388515,929776.3575084066,46623,3759752
run_193,DONE,hector,point_to_point,0.1,1.0,0.0174,3,27.584956718427318,779781133.054564,802929.0192707486,40424,3260800
run_194,DONE,cartographer,point_to_point,0.1,0.2,0.0174,3,37.19310460860655,691210243.0812438,823448.1340132236,69281,5088336
run_195,DONE,gmapping,point_to_point,0.1,0.2,0.0174,4,40.09182439198134,663365367.9253091,840229.5192391849,42778,3449904
run_196,DONE,hector,circular,0.05,1.0,0.9,5,27.421781798407334,786285689.7853006,926717.3505252887,46514,3752224
run_197,DONE,gmapping,point_to_point,0.05,1.0,0.9,4,31.600629845684317,691097344.0644999,805366.5068134342,40159,3237120
run_198,DONE,gmapping,circular,0.05,0.2,0.0174,4,42.446900933447594,696208367.4622436,973905.2294996204,49396,3981472
run_199,DONE,karto,circular,0.1,0.2,0.0174,5,29.239251777348276,657449829.617888,931071.1371177523,46639,3751600
run_200,DONE,karto,point_to_point,0.05,1.0,0.0174,3,28.1824089095846,655761024.0657421,805092.2134167084,40339,3249480
run_201,DONE,gmapping,point_to_point,0.05,1.0,0.0174,3,40.714433496779876,695915367.2914459,839713.725215787,42511,3430800
run_202,DONE,cartographer,point_to_point,0.1,0.2,0.0174,4,41.24028505192889,692274941.1868132,825464.6157329173,69358,5090672
run_203,DONE,karto,point_to_point,0.1,0.2,0.9,2,26.7862629565996,654478223.043299,807625.4401748922,40062,3232072
run_204,DONE,cartographer,point_to_point,0.1,1.0,0.9,3,39.83291682462325,690583639.0835418,822624.2186091187,69376,5088872
run_205,DONE,gmapping,point_to_point,0.1,1.0,0.9,4,28.055258487055006,665249211.1452816,804666.4533650059,40487,3264344
run_206,DONE,cartographer,circular,0.1,1.0,0.9,3,43.35096333558826,691531318.6236745,948108.163772993,80189,5884792
run_207,DONE,gmapping,point_to_point,0.1,1.0,0.0174,2,38.893492648731225,646603097.671581,845221.3648202749,43114,3478648
run_208,DONE,cartographer,circular,0.1,0.2,0.0174,3,42.27893053912249,686929328.3949761,955763.7919467877,80530,5915584
run_209,DONE,cartographer,point_to_point,0.05,1.0,0.9,4,42.82311375769063,685770095.944028,833484.6282138623,69497,5106496
run_210,DONE,karto,circular,0.1,1.0,0.9,4,26.608268393050437,648630958.4702474,934808.9396076623,46722,3769744
run_211,DONE,karto,circular,0.05,1.0,0.0174,4,32.18199214773522,652980584.7829491,936563.8362220417,46513,3743392
run_212,DONE,karto,point_to_point,0.1,0.2,0.9,3,29.889831345896862,650210543.4402215,805919.3748414931,40690,3280184
run_213,DONE,cartographer,circular,0.05,1.0,0.0174,3,42.051520034742005,690675032.5940078,960466.3507708537,80154,5884664
run_214,DONE,hector,point_to_point,0.05,0.2,0.9,4,27.03914284552218,780664443.8688356,807331.2820952084,40947,3302784
run_215,DONE,karto,point_to_point,0.05,1.0,0.9,4,27.345524733449206,650600717.6954732,808365.8875674321,40453,3261744
run_216,DONE,hector,point_to_point,0.1,1.0,0.0174,4,27.92901334001974,783325124.3190184,808959.3805481676,40921,3299000
run_217,DONE,cartographer,point_to_point,0.05,1.0,0.9,5,42.07740922124161,689300493.803295,830217.9659121769,69678,5117728
run_218,DONE,karto,point_to_point,0.1,1.0,0.9,2,30.4070742755541,650793010.7084386,806847.8263863764,39623,3195952
run_219,DONE,cartographer,point_to_point,0.05,0.2,0.0174,4,48.89540344079137,689524414.7049713,813560.4432690266,62424,4526864
run_220,DONE,cartographer,point_to_point,0.1,0.2,0.9,5,43.84445309359604,689022334.1810023,824330.2593034393,67574,4963824
run_221,DONE,karto,point_to_point,0.05,1.0,0.0174,4,29.912778555690554,654686809.5508323,807447.8949216458,39722,3197808
run_222,DONE,gmapping,point_to_point,0.05,0.2,0.0174,3,45.402067907460854,659032309.3467844,823024.2342001,37708,3036648
run_223,DONE,cartographer,circular,0.1,1.0,0.0174,5,39.62881976324651,692468297.7777778,950920.1249285637,80481,5907512
run_224,DONE,cartographer,circular,0.05,1.0,0.0174,4,44.60482503696212,693723932.6906102,955978.8619265509,80177,5889448
run_225,DONE,karto,point_to_point,0.1,1.0,0.9,3,29.164610303456058,653048051.8466616,803778.5172633423,40529,3271096
run_226,DONE,karto,point_to_point,0.1,0.2,0.0174,4,27.941182640581946,656496091.6457527,804896.9867321406,40707,3278768
run_227,DONE,karto,point_to_point,0.05,1.0,0.9,5,26.639475771223356,654145708.1141095,801870.2023592694,40640,3277216
run_228,DONE,karto,point_to_point,0.05,0.2,0.0174,4,28.086133890181202,656647785.1195097,809155.8766343507,40868,3289752
run_229,DONE,gmapping,circular,0.1,1.0,0.9,5,32.62325067409274,656370662.6189954,930034.9833204967,47239,3808400
run_230,DONE,cartographer,circular,0.1,0.2,0.0174,4,42.94117298996949,694518152.5850282,952567.0781050526,80563,5912816
run_231,DONE,gmapping,point_to_point,0.1,0.2,0.9,2,30.48822175927244,655799879.0782653,816176.7315022211,41356,3334672
run_232,DONE,karto,circular,0.05,1.0,0.9,5,27.712941999564787,654244544.5265733,927136.5195879926,46766,3772568
run_233,DONE,gmapping,point_to_point,0.1,1.0,0.9,5,29.989580694147712,656235295.943075,805870.4547999749,40736,3287032
run_234,DONE,gmapping,point_to_point,0.1,0.2,0.9,3,32.014009177168596,655307871.4620479,815737.091782073,41428,3340528
run_235,DONE,karto,circular,0.1,1.0,0.9,5,29.62895309261935,654103683.4200613,927924.0750894988,46784,3771784
run_236,DONE,gmapping,circular,0.05,0.2,0.0174,5,42.777045588916806,662490148.4198123,974157.3914462407,49672,4004848
run_237,DONE,karto,point_to_point,0.05,1.0,0.0174,5,30.985213205605604,656515666.2972496,806581.7050243994,40825,3286704
run_238,DONE,hector,point_to_point,0.1,1.0,0.9,4,30.564256687928793,785203421.3211567,806330.0738177955,40917,3300792
run_239,DONE,cartographer,circular,0.1,1.0,0.9,4,42.11537998182913,687810870.9761388,946865.3165584767,80676,5921048
run_240,DONE,hector,point_to_point,0.05,0.2,0.0174,3,27.413383052246814,781689626.369381,803552.9430395403,40840,3297408
run_241,DONE,gmapping,circular,0.1,0.2,0.9,3,33.61049528889799,652176509.793585,940103.4554859003,47740,3848744
run_242,DONE,gmapping,circular,0.1,1.0,0.0174,4,43.133579781803164,652834908.645498,971929.4586205698,50069,4035744
run_243,DONE,hector,point_to_point,0.05,0.2,0.9,5,30.406359942730138,781666379.1654098,800797.2226829117,40817,3292400
run_244,DONE,hector,point_to_point,0.05,1.0,0.0174,4,30.49098567845751,773704737.4708886,807275.1431162179,40833,3294224
run_245,DONE,cartographer,circular,0.1,0.2,0.9,4,41.0027124483949,688042311.0401388,947959.5501368529,80561,5912248
run_246,DONE,hector,point_to_point,0.05,1.0,0.0174,5,27.3003842842872,781323627.0163934,802275.324658125,40791,3290616
run_247,DONE,gmapping,point_to_point,0.05,0.2,0.0174,4,40.317006819973244,657188287.6291257,838802.8913716178,43163,3480352
run_248,DONE,karto,point_to_point,0.05,0.2,0.9,3,30.326305085369253,650158195.2194628,801823.2219084591,40441,3262472
run_249,DONE,gmapping,point_to_point,0.1,0.2,0.9,4,30.522450619787474,653261722.2049834,811717.4709843554,41418,3339872
run_250,DONE,gmapping,point_to_point,0.05,0.2,0.9,5,31.077054226801796,659434756.2330196,814157.9678450484,41268,3328656
run_251,DONE,hector,circular,0.05,1.0,0.0174,4,29.751266228105234,780041665.423475,929545.0527188516,47180,3805496
run_252,DONE,cartographer,point_to_point,0.1,0.2,0.0174,5,42.48687000150866,689391148.7329006,821640.3759552314,69507,5105592
run_253,DONE,cartographer,point_to_point,0.05,0.2,0.0174,5,43.38037088338769,689962710.5938908,822628.7623178187,69237,5085552
run_254,DONE,karto,point_to_point,0.1,0.2,0.0174,5,32.08616480895243,653529872.4069176,805437.4407194649,40809,3284520
run_255,DONE,gmapping,circular,0.05,1.0,0.0174,4,41.451783779283716,658766910.9774568,968592.5790829671,49875,4020232
run_256,DONE,karto,circular,0.05,0.2,0.0174,5,28.583803681155572,654855682.3888025,940533.269409404,46855,3769824
run_257,DONE,gmapping,circular,0.1,0.2,0.9,4,30.63727580943905,652963118.7774086,940703.2667866631,47612,3839040
run_258,DONE,karto,circular,0.1,1.0,0.0174,3,29.893612365470585,654718305.6634362,935314.8086769015,47083,3787632
run_259,DONE,gmapping,point_to_point,0.1,0.2,0.9,5,30.73514970826749,652152116.3264261,814826.9488081036,41357,3335064
run_260,DONE,karto,circular,0.05,1.0,0.0174,5,28.410628860176583,654504347.5247259,935166.7287192278,47134,3791680
run_261,DONE,karto,circular,0.1,0.2,0.9,3,30.106041157607034,651333906.6377517,930213.1527065589,46858,3776536
run_262,DONE,gmapping,point_to_point,0.1,1.0,0.0174,3,42.138721023801594,653146748.2618328,839548.0606472655,43140,3478504
run_263,DONE,hector,point_to_point,0.1,0.2,0.9,3,27.35759613764234,777834892.1826154,808820.002403546,40936,3302904
run_264,DONE,hector,point_to_point,0.1,1.0,0.0174,5,30.57519061927815,785072514.27758,805932.0127113247,40837,3294736
run_265,DONE,cartographer,point_to_point,0.05,0.2,0.9,4,42.95097292878681,688774682.8129675,825829.7547231574,69332,5095264
run_266,DONE,gmapping,circular,0.05,1.0,0.9,5,29.38334814883653,658391188.9454546,935772.041563737,47133,3803520
run_267,DONE,hector,circular,0.1,1.0,0.0174,3,30.62113194782417,782253054.2097902,932092.0005874898,46972,3789136
run_268,DONE,hector,point_to_point,0.1,0.2,0.0174,3,27.5999228530978,780495999.0118374,811199.9148376219,40926,3302536
run_269,DONE,gmapping,point_to_point,0.1,0.2,0.0174,5,42.02695583173241,653300681.564694,841210.3980491464,43209,3484120
run_270,DONE,karto,point_to_point,0.1,1.0,0.9,4,26.414433323687557,650888730.0428609,805345.5339780907,40593,3273528
run_271,DONE,karto,circular,0.05,0.2,0.9,5,31.786094682389955,651548374.7024667,927724.4441065134,46965,3786520
run_272,DONE,hector,point_to_point,0.05,0.2,0.0174,4,27.97847297437588,782120960.0,805542.7115443292,40747,3287208
run_273,DONE,cartographer,point_to_point,0.05,0.2,0.9,5,41.26116149561541,689298118.3423424,827897.6357787753,69460,5108624
run_274,DONE,gmapping,circular,0.1,1.0,0.0174,5,40.62026704649196,654076310.5519807,973614.2023739018,50046,4036536
run_275,DONE,karto,point_to_point,0.05,0.2,0.9,4,26.753012433233764,651485124.9433573,806597.7234928379,40558,3269400
run_276,DONE,cartographer,point_to_point,0.1,1.0,0.9,4,39.70289599056311,689353070.0429356,822725.5902554835,69754,5120792
run_277,DONE,hector,point_to_point,0.1,0.2,0.9,4,27.739260075148675,781750252.004111,802941.0436356816,40808,3289216
run_278,DONE,cartographer,circular,0.05,1.0,0.9,5,40.969887441104255,691036332.5193226,951278.5211038961,80249,5893064
run_279,DONE,karto,circular,0.1,1.0,0.0174,4,28.270100421544036,656408713.903233,930122.1068031453,47045,3785144
run_280,DONE,karto,point_to_point,0.05,0.2,0.9,5,27.378259817677602,652478417.741273,804899.8965885076,40433,3259784
run_281,DONE,hector,circular,0.1,0.2,0.0174,4,27.333145990408163,785198752.1511132,930109.3956980968,46960,3789256
run_282,DONE,hector,circular,0.1,1.0,0.0174,4,30.59551516415853,788796450.2752134,929577.2357659275,46859,3778536
run_283,DONE,hector,point_to_point,0.05,1.0,0.9,5,28.150129310594103,785605924.2688729,804411.6359767384,40791,3291296
run_284,DONE,gmapping,circular,0.1,0.2,0.0174,4,42.8346295973127,657477393.5190094,970640.8650762137,49952,4029696
run_285,DONE,gmapping,point_to_point,0.05,1.0,0.0174,4,38.98400202863541,661918894.9301034,833607.2404428043,43107,3475976
run_286,DONE,gmapping,point_to_point,0.05,1.0,0.9,5,30.065761178044525,660819487.2291132,807051.1459853924,39679,3200200
run_287,DONE,hector,point_to_point,0.1,0.2,0.9,5,28.60087542136101,778483423.0442842,805795.4900736396,40232,3248352
run_288,DONE,karto,point_to_point,0.1,0.2,0.9,4,28.962411010253224,655158364.7121058,803878.1921309019,40028,3228040
run_289,DONE,gmapping,circular,0.05,0.2,0.9,4,32.69722101643162,661677962.5584472,938743.1980028155,46983,3788264
run_290,DONE,karto,point_to_point,0.1,1.0,0.9,5,26.48966059643977,655345286.6670122,803792.7552467323,40520,3266792
run_291,DONE,karto,circular,0.1,1.0,0.0174,5,28.643038321220153,658974216.1992882,933521.8949511665,46870,3770632
run_292,DONE,karto,point_to_point,0.1,0.2,0.9,5,30.44545451987634,654013222.4450026,807504.9972572572,40247,3247672
run_293,DONE,gmapping,circular,0.05,0.2,0.9,5,34.921805452063154,663089633.4095072,938092.0241873442,47077,3796304
run_294,DONE,hector,point_to_point,0.1,0.2,0.0174,4,27.289472389466667,784071876.3655083,806375.0832054091,40710,3281888
run_295,DONE,karto,point_to_point,0.05,0.2,0.0174,5,31.039742926195746,656223367.2258065,810293.5332004252,40781,3282304
run_296,DONE,hector,point_to_point,0.1,0.2,0.0174,5,30.425809657427045,783009895.3512428,806830.5036367046,40835,3294696
run_297,DONE,hector,circular,0.1,0.2,0.9,4,30.305412441713223,788752014.8057617,931719.5156512308,47163,3803416
run_298,DONE,gmapping,circular,0.1,0.2,0.0174,5,40.765733689675834,657333130.8882571,972488.4025982962,49963,4030616
run_299,DONE,hector,circular,0.05,1.0,0.0174,5,28.372692683905257,786325200.2867384,928578.7759645797,46483,3749576
run_300,DONE,gmapping,circular,0.1,0.2,0.9,5,33.847079387824195,656955620.05338,944598.0517310195,47382,3821840
run_301,DONE,karto,circular,0.1,0.2,0.9,4,29.959595497426527,655346291.1409101,931309.117905867,46831,3774488
run_302,DONE,gmapping,point_to_point,0.1,1.0,0.0174,4,41.72915827074358,656579337.2903225,836974.8827175543,42656,3440112
run_303,DONE,hector,point_to_point,0.05,0.2,0.0174,5,28.309751768383126,781688761.7588943,809371.8453272136,40721,3284608
run_304,DONE,cartographer,circular,0.1,0.2,0.0174,5,42.02523379910911,694571078.2679696,955986.9310973961,80541,5911320
run_305,DONE,gmapping,circular,0.05,1.0,0.0174,5,43.382045682755596,664764611.2174102,974603.3228113125,49958,4026664
run_306,DONE,hector,circular,0.1,1.0,0.0174,5,28.3454889248742,794592809.4151111,934480.6810651644,47262,3811144
run_307,DONE,gmapping,point_to_point,0.1,1.0,0.0174,5,39.153778368760115,658477322.1884131,841079.3726809602,43010,3470992
run_308,DONE,cartographer,circular,0.05,0.2,0.0174,4,44.4070132953264,695824593.2329004,955033.7175080618,80333,5896712
run_309,DONE,gmapping,point_to_point,0.05,1.0,0.0174,5,41.525909200179896,666940559.0569351,842244.4939397922,43221,3484912
run_310,DONE,hector,circular,0.1,0.2,0.9,5,28.285928100780207,788651842.6160375,933957.5980148533,47187,3805272
run_311,DONE,karto,point_to_point,0.1,1.0,0.0174,5,27.685854504387834,657021951.4713475,810439.244152431,40674,3273712
run_312,DONE,gmapping,point_to_point,0.05,0.2,0.0174,5,40.66999243656734,666552381.4038801,845928.0630475833,43234,3486184
run_313,DONE,cartographer,circular,0.05,1.0,0.0174,5,42.603356018446306,695445930.0939597,958945.0914857482,80351,5902488
run_314,DONE,cartographer,circular,0.1,1.0,0.9,5,42.32128202814538,694139643.0673306,957700.2120034627,80725,5922784
run_315,DONE,karto,circular,0.1,0.2,0.9,5,26.787575493924443,658209385.3747486,929881.4479654947,46894,3779448
run_316,DONE,cartographer,circular,0.05,0.2,0.0174,5,43.73562028938959,696239632.9521749,960621.3983226016,80051,5883072
run_317,DONE,hector,circular,0.1,0.2,0.0174,5,27.33919224567642,788382003.2454505,936113.3401398906,47166,3803640
run_318,DONE,cartographer,circular,0.1,0.2,0.9,5,42.16922443544498,693615097.1200694,956718.0467413419,80518,5912200
run_319,DONE,cartographer,point_to_point,0.1,1.0,0.9,5,39.87882766924356,691240227.2152343,826721.3755536161,69730,5122048
run_320,DONE,hector,point_to_point,0.1,1.0,0.9,5,27.1590101171259,784685686.9254962,810765.7844670875,40706,3286448
