__run_id,__done,algorithm,arena,map_resolution,linear_update,angular_update,repetition,avg_cpu,avg_mem,energy,rosbag_msg_size,mean_of_known_cells,amount_of_known_cells,amount_above_mean,proportion_occupied,enclosed_area_count,corner_count
run_1,DONE,hector,point_to_point,0.1,1.0,0.0174,1,27.36719965110924,780349040.7509025,811694.5559193748,3283512,71.62054507337527,954,269,28.197064989517816,1,30
run_2,DONE,gmapping,point_to_point,0.1,0.2,0.0174,1,39.16658247923363,650098818.8774942,836503.3531068143,3489688,69.61481481481482,945,259,27.40740740740741,2,33
run_3,DONE,cartographer,point_to_point,0.1,1.0,0.0174,1,44.67623839800569,686482165.1145573,822121.3909894369,4970488,77.26107899807322,1038,407,39.21001926782274,1,28
run_4,DONE,hector,point_to_point,0.05,0.2,0.9,1,29.950241946129808,775278520.0305576,809836.0389686603,3176440,43.22008608321377,3485,593,17.015781922525107,3,52
run_5,DONE,cartographer,point_to_point,0.05,1.0,0.9,1,43.685007965364115,687999162.9413563,812694.8455317253,4921248,120.31719338938822,3449,799,23.16613511162656,4,77
run_6,DONE,hector,point_to_point,0.05,1.0,0.9,1,29.032642548071905,777044316.053886,799364.8132670402,3184992,39.965807012460154,3451,543,15.734569689944944,3,69
run_7,DONE,karto,circular,0.1,1.0,0.0174,1,31.527507882324443,654285183.4864023,925221.9016679324,3540752,74.79567307692308,832,245,29.447115384615387,3,48
run_8,DONE,cartographer,point_to_point,0.05,0.2,0.0174,1,49.586359089934575,687764119.0438731,804621.7464145711,4457808,49.88518614944025,3841,1044,27.18042176516532,1,39
run_9,DONE,gmapping,circular,0.05,0.2,0.0174,1,57.37561440483408,661319508.7759634,907207.3755394124,2724440,45.62445141065831,3190,573,17.962382445141063,21,84
run_10,DONE,gmapping,circular,0.05,0.2,0.0174,2,57.69057685646657,665582483.9531046,903712.9168468956,2720152,44.145892800507454,3153,548,17.3802727561053,7,63
run_11,DONE,karto,point_to_point,0.05,0.2,0.9,1,32.05339244504518,651064186.7503798,802838.1958906073,3043656,42.41836441893831,3485,582,16.700143472022955,1,27
run_12,DONE,cartographer,point_to_point,0.1,1.0,0.0174,2,45.5354961426798,688743414.7655312,815456.9484449447,4624096,75.61392405063292,1106,457,41.32007233273056,1,35
run_13,DONE,cartographer,point_to_point,0.1,1.0,0.0174,3,47.53162003400453,689053719.6228688,813051.0347805975,4568368,74.21428571428571,1050,406,38.666666666666664,1,27
run_14,DONE,cartographer,point_to_point,0.1,1.0,0.9,1,45.93715032529831,688105768.96,818735.5882076591,4833920,124.28251121076234,892,242,27.130044843049326,1,35
run_15,DONE,karto,point_to_point,0.05,1.0,0.0174,1,34.66077739897972,645148248.889798,789650.1383638416,2775120,44.62453952961179,3529,620,17.568716350240862,4,46
run_16,DONE,karto,circular,0.05,1.0,0.9,1,31.743009794187387,645675586.4427482,927179.9781699913,3624064,38.17635270541082,2994,450,15.030060120240481,3,52
run_17,DONE,gmapping,point_to_point,0.05,0.2,0.9,1,44.14075174050111,653136635.8011607,797477.7481047831,2682264,45.00364451920381,3567,632,17.717970283151107,11,60
run_18,DONE,karto,circular,0.05,1.0,0.9,2,29.74806759083128,647476140.7516661,927999.2037602992,3597312,38.744325767690256,2996,457,15.253671562082777,3,41
run_19,DONE,karto,circular,0.05,0.2,0.9,1,28.27732744684198,648380322.9505568,928361.678652002,3713400,40.70029673590504,3033,486,16.023738872403563,3,55
run_20,DONE,cartographer,circular,0.1,1.0,0.0174,1,46.02543345357145,687964766.0589255,953977.3638774627,5652800,72.1103448275862,1015,422,41.576354679802954,3,47
run_21,DONE,hector,circular,0.05,0.2,0.0174,1,28.877058330726033,778619663.8362262,933231.5557445426,3720896,50.57488921713442,3385,674,19.911373707533233,63,91
run_22,DONE,karto,point_to_point,0.05,1.0,0.9,1,29.644588471912755,651601155.1219512,813906.3070922953,3164760,38.53227699530517,3408,517,15.170187793427232,2,40
run_23,DONE,hector,circular,0.05,1.0,0.9,1,31.470735371060947,778859299.8711923,932440.525007852,3727696,42.993502274204026,3078,521,16.926575698505523,14,107
run_24,DONE,cartographer,circular,0.05,1.0,0.0174,1,45.40145141241327,690274937.4294996,954409.7120857469,5714576,54.68679245283019,3710,1205,32.47978436657682,3,43
run_25,DONE,cartographer,circular,0.05,0.2,0.9,1,44.97696004819922,687938283.5978284,945966.9119286257,5481816,98.12421777221527,3196,1005,31.44555694618273,6,85
run_26,DONE,gmapping,point_to_point,0.1,1.0,0.9,1,33.33722665152269,653078487.956779,798729.6301615135,3015536,63.986856516977,913,230,25.191675794085434,1,41
run_27,DONE,cartographer,circular,0.1,1.0,0.9,1,45.79681159079463,688155691.0924077,948951.9423479346,5639416,122.63916256157636,812,250,30.78817733990148,3,44
run_28,DONE,karto,circular,0.1,0.2,0.0174,1,32.272539495600775,656571440.4585648,925143.8668530785,3551648,77.90129259694477,851,261,30.669800235017625,3,53
run_29,DONE,cartographer,point_to_point,0.05,1.0,0.0174,1,48.063760903663464,690643557.4657881,812992.4910571935,4663888,50.08872219348164,3866,1094,28.297982410760476,1,40
run_30,DONE,karto,point_to_point,0.1,1.0,0.9,1,31.765953092157048,653018600.5137615,797482.4884431252,3157448,64.2102908277405,894,226,25.279642058165546,1,46
run_31,DONE,cartographer,circular,0.1,0.2,0.9,1,42.41567930976072,690669670.5567461,948246.1730822593,5704472,105.57553956834532,834,267,32.014388489208635,3,52
run_32,DONE,cartographer,circular,0.05,1.0,0.9,1,42.44985808337238,690686941.7247866,948397.6291489131,5673312,118.62413139608338,3166,885,27.953253316487682,20,88
run_33,DONE,hector,circular,0.1,1.0,0.9,1,28.839810890218374,779506388.0171133,935172.3506093929,3721328,73.90220048899755,818,238,29.095354523227385,4,57
run_34,DONE,gmapping,circular,0.1,0.2,0.0174,1,44.033966306566896,656246395.5014191,968350.4249615051,3813872,74.61981566820276,868,255,29.377880184331794,6,59
run_35,DONE,karto,circular,0.05,1.0,0.0174,1,29.33742477180329,657082471.7482705,935576.1357688764,3700680,51.46036778693722,3154,639,20.25998731769182,3,47
run_36,DONE,gmapping,circular,0.1,1.0,0.0174,1,43.7687526108966,656121619.3144352,969756.4485285677,3796584,71.54082840236687,845,238,28.165680473372777,5,52
run_37,DONE,hector,point_to_point,0.05,1.0,0.0174,1,28.51810925035118,784718603.7382793,808701.7360493054,3228024,49.48957189901208,3644,710,19.484083424807906,33,52
run_38,DONE,cartographer,circular,0.1,0.2,0.0174,1,45.90675495929805,692678990.3130548,956382.9508676591,5732712,71.86805555555556,1008,417,41.36904761904761,3,41
run_39,DONE,cartographer,point_to_point,0.05,1.0,0.0174,2,44.97562465062747,691373767.992008,827080.9319767804,4926560,50.295018162947585,3854,1090,28.28230409963674,1,39
run_40,DONE,gmapping,circular,0.05,1.0,0.0174,1,43.398078945520474,657192422.1820563,966499.925321239,3826640,50.201982651796776,3228,638,19.764560099132588,21,50
run_41,DONE,karto,circular,0.1,0.2,0.9,1,27.18892687935892,650563725.5625284,921365.1404859772,3663800,64.06052963430012,793,200,25.220680958385877,2,41
run_42,DONE,gmapping,circular,0.05,1.0,0.9,1,30.81615320246824,656406734.4225353,934937.2419667172,3703912,40.66318878382784,3067,491,16.009129442451908,9,57
run_43,DONE,gmapping,point_to_point,0.05,1.0,0.0174,1,55.44497439813614,656405376.0,787602.6965069859,2410496,47.50381679389313,3668,686,18.702290076335878,15,87
run_44,DONE,karto,circular,0.05,0.2,0.0174,1,32.973724213640544,653647062.5841478,937286.1241965976,3711368,49.51188589540412,3155,615,19.492868462757528,6,45
run_45,DONE,hector,circular,0.05,0.2,0.9,1,29.566154180032825,778856450.2490666,933847.8733170864,3784528,42.56615981882886,3091,518,16.758330637334197,10,67
run_46,DONE,gmapping,point_to_point,0.1,0.2,0.0174,2,40.358808675118006,651752631.5032811,843775.7515657672,3474808,70.19831223628692,948,262,27.637130801687764,3,75
run_47,DONE,karto,point_to_point,0.1,0.2,0.0174,1,28.235511249314513,652506282.2731233,810086.1525921291,3258040,74.22077922077922,924,270,29.22077922077922,1,48
run_48,DONE,gmapping,point_to_point,0.1,0.2,0.9,1,33.06547017044438,652284679.5065722,819192.868812234,3324240,69.14898177920686,933,254,27.224008574490888,1,43
run_49,DONE,cartographer,circular,0.05,0.2,0.0174,1,44.23875325312989,690435961.6540378,958946.6857878508,5866560,51.96829335539013,3627,1164,32.09263854425144,3,42
run_50,DONE,karto,circular,0.05,0.2,0.0174,2,29.360088461143537,654414615.1390054,939264.4247980481,3763784,51.41243654822335,3152,638,20.241116751269036,3,37
run_51,DONE,cartographer,circular,0.05,0.2,0.9,2,41.090301890465305,688824926.9793881,959414.4236350849,5879032,97.76764522173642,3202,1003,31.32417239225484,3,80
run_52,DONE,cartographer,point_to_point,0.05,1.0,0.9,2,42.7546683205287,687737633.6135796,828588.2366020085,5096496,120.24097788125728,3436,726,21.129220023282887,5,60
run_53,DONE,karto,point_to_point,0.1,1.0,0.0174,1,29.137217714311646,652902169.7577003,811981.7363822445,3277944,67.82637362637362,910,243,26.703296703296704,1,49
run_54,DONE,gmapping,circular,0.05,1.0,0.0174,2,43.722321180125164,659023131.764399,984741.4411358588,4016936,47.693978895096215,3222,605,18.77715704531347,21,66
run_55,DONE,cartographer,circular,0.05,0.2,0.9,3,42.076866809487534,688990306.8322874,958444.6513580314,5878792,96.99557801642452,3166,917,28.96399241945673,3,75
run_56,DONE,gmapping,circular,0.05,1.0,0.9,2,31.14715355450562,657572905.5745808,940220.9759062296,3797448,40.5734860883797,3055,488,15.973813420621932,8,59
run_57,DONE,karto,circular,0.05,1.0,0.9,3,26.678822541306268,650397993.5491381,929285.6856570592,3769040,40.37817938420348,2988,475,15.896921017402946,5,59
run_58,DONE,cartographer,circular,0.05,0.2,0.0174,2,44.237473235920575,691036434.7209,957031.7233765954,5879072,56.72341513292434,3912,1431,36.579754601226995,3,43
run_59,DONE,gmapping,point_to_point,0.1,1.0,0.9,2,31.259798477518768,653444074.8493702,810305.6337313994,3297984,65.23497267759562,915,235,25.683060109289617,1,58
run_60,DONE,hector,circular,0.05,0.2,0.9,2,27.666088933944703,785033269.703111,930966.2157652536,3807104,40.75311067452521,3054,490,16.0445317616241,6,55
run_61,DONE,hector,circular,0.05,1.0,0.0174,1,28.835566910243703,778696693.548702,925266.0565500407,3800872,52.064074650077764,3215,659,20.497667185069986,33,55
run_62,DONE,gmapping,point_to_point,0.05,0.2,0.0174,1,47.64138710659984,649101903.7356036,855046.1859820981,3581320,50.66120218579235,3660,730,19.94535519125683,18,53
run_63,DONE,hector,point_to_point,0.1,1.0,0.9,1,30.76335446189289,774093591.6157559,807635.4962999251,3305688,65.86245772266065,887,230,25.93010146561443,1,47
run_64,DONE,hector,point_to_point,0.05,1.0,0.0174,2,27.783033936175478,773129995.0390142,804617.4323301286,3307600,49.314206128133705,3590,697,19.415041782729805,11,64
run_65,DONE,karto,circular,0.05,0.2,0.0174,3,30.436226510736972,651852891.1485016,936957.1057897876,3800856,58.29734129137276,3686,846,22.951709169831798,18,96
run_66,DONE,gmapping,circular,0.05,0.2,0.0174,3,49.08720166957301,652847523.3735358,986023.3209190976,4117944,47.39863608183509,3226,602,18.66088034717917,19,74
run_67,DONE,cartographer,circular,0.1,0.2,0.9,2,41.18320016887802,683612798.0324745,951068.7453202876,5914352,115.36753100338218,887,397,44.7576099210823,3,63
run_68,DONE,karto,point_to_point,0.1,0.2,0.9,1,26.554517123265306,648369522.8367612,807513.9276902805,3277008,69.47729789590255,903,247,27.353266888150607,1,40
run_69,DONE,hector,point_to_point,0.1,0.2,0.9,1,28.233042617893762,779309433.2355052,811516.7313806671,3326504,67.13656387665198,908,240,26.431718061674008,2,42
run_70,DONE,hector,circular,0.05,0.2,0.9,3,30.23481217599455,779027480.9646387,938311.6448412552,3824320,45.023134571521666,3069,544,17.725643532095145,12,59
run_71,DONE,karto,circular,0.1,0.2,0.9,2,29.75137875891668,649013086.7081403,944203.1443627264,3730288,67.75474083438685,791,211,26.67509481668774,3,42
run_72,DONE,hector,point_to_point,0.05,1.0,0.9,2,29.624782837101193,782248127.5094532,821976.59534416,3266000,42.30810488676996,3356,559,16.65673420738975,9,82
run_73,DONE,cartographer,point_to_point,0.1,0.2,0.9,1,42.15897216063829,685668947.4379835,838958.3842509821,5084120,119.42633928571429,896,262,29.24107142857143,1,37
run_74,DONE,hector,circular,0.1,1.0,0.9,2,27.750110899424076,784105949.7152994,936165.7348095162,3788200,67.19746835443038,790,209,26.455696202531648,2,60
run_75,DONE,gmapping,point_to_point,0.1,0.2,0.0174,3,40.10361934426283,651623299.3368767,844077.4925982724,3445176,70.06896551724138,928,256,27.586206896551722,1,32
run_76,DONE,karto,circular,0.05,0.2,0.9,2,29.14229415324961,650161257.9621313,936429.5874844096,3762072,42.05242203052422,3014,499,16.55607166556072,3,41
run_77,DONE,hector,point_to_point,0.05,0.2,0.9,2,30.75854761505512,780046944.3066063,809744.3241426072,3263112,42.137232194557036,3454,573,16.589461493920094,4,77
run_78,DONE,gmapping,point_to_point,0.05,1.0,0.0174,2,39.841740423174045,658920500.5858841,843352.4478050306,3450272,49.42017738359202,3608,702,19.456762749445677,17,45
run_79,DONE,hector,circular,0.05,0.2,0.0174,2,27.17537336708683,785741079.5631825,943897.4691516235,3760200,53.82156133828996,3228,684,21.189591078066915,25,46
run_80,DONE,gmapping,circular,0.1,1.0,0.9,1,28.252788336905766,653977142.7149522,939600.9057167672,3757656,66.04,800,208,26.0,3,50
run_81,DONE,gmapping,circular,0.1,0.2,0.9,1,33.98601866670473,654576544.4801043,946599.33319577,3808424,70.98420413122722,823,230,27.946537059538272,3,46
run_82,DONE,gmapping,circular,0.05,0.2,0.9,1,34.148903485975765,663003192.5894737,948370.3443592384,3813312,42.93187660668381,3112,526,16.902313624678662,13,53
run_83,DONE,karto,circular,0.1,1.0,0.9,1,29.795713942498786,651810484.1460747,934486.4111060508,3727120,67.53944020356234,786,209,26.590330788804074,3,51
run_84,DONE,karto,point_to_point,0.05,0.2,0.0174,1,31.749660687519693,647377318.0557929,812145.6114640712,3260968,46.66932952924394,3505,644,18.373751783166906,4,49
run_85,DONE,hector,circular,0.1,1.0,0.9,3,27.930424097329478,784969670.1027597,941978.2394382269,3793632,72.75061728395062,810,232,28.641975308641975,3,58
run_86,DONE,karto,point_to_point,0.05,0.2,0.0174,2,28.858510151343584,651853619.5178479,823202.8961545698,3265120,44.39896670493685,3484,609,17.479908151549942,2,47
run_87,DONE,hector,circular,0.05,0.2,0.9,4,29.910441844325515,782562807.1083754,945779.4504588548,3771056,43.95519480519481,3080,533,17.305194805194805,10,50
run_88,DONE,karto,circular,0.1,0.2,0.0174,2,28.55596071323061,651131960.5707897,942649.4141192748,3758736,75.46376811594203,828,246,29.71014492753623,3,41
run_89,DONE,karto,circular,0.05,0.2,0.0174,4,28.805775691144465,652160614.3093605,939025.627363025,3768520,49.190140845070424,3124,605,19.366197183098592,3,66
run_90,DONE,cartographer,circular,0.1,1.0,0.0174,2,41.367997713062095,688158786.2078543,961206.1626028359,5865720,74.24621594349142,991,407,41.06962663975782,3,41
run_91,DONE,cartographer,point_to_point,0.05,0.2,0.9,1,42.816030294439756,687328122.2791512,831593.3047257542,5080360,110.42622004042738,3463,745,21.513138896910196,2,70
run_92,DONE,karto,point_to_point,0.1,1.0,0.0174,2,28.67715975872158,652335724.0174314,811638.3913510133,3261384,73.98058252427184,927,270,29.126213592233007,1,48
run_93,DONE,gmapping,circular,0.05,1.0,0.9,3,31.25380087470053,657678286.9300804,938447.0108393885,3767648,41.029488859764086,3052,493,16.153342070773263,5,48
run_94,DONE,hector,circular,0.1,0.2,0.0174,1,30.135543751569053,783135601.8532273,934804.1140926578,3758368,73.85404789053592,877,255,29.076396807297606,8,44
run_95,DONE,karto,circular,0.1,1.0,0.0174,2,28.39240062028956,654400762.3924898,938734.6886716208,3743520,77.47607655502392,836,255,30.502392344497608,3,33
run_96,DONE,hector,point_to_point,0.05,1.0,0.9,3,30.49536987567704,782382826.7418219,810383.5363408083,3268232,41.72804201925883,3427,563,16.4283629997082,9,87
run_97,DONE,hector,circular,0.1,1.0,0.9,4,29.289662038197648,787291450.6419263,936753.3922134343,3770184,65.02915082382764,789,202,25.602027883396705,2,52
run_98,DONE,hector,circular,0.05,1.0,0.9,2,27.560923206680645,785715463.399507,937749.2710145713,3766736,40.55888223552894,3006,480,15.968063872255488,15,79
run_99,DONE,cartographer,point_to_point,0.05,1.0,0.0174,3,40.458625291109094,690828353.536,828545.4986021572,5085056,51.765735178897884,3829,1081,28.231914337947245,1,36
run_100,DONE,hector,circular,0.05,1.0,0.9,3,27.651510494118643,783943507.1346067,934908.3541076458,3775144,42.69900332225914,3010,506,16.81063122923588,9,82
run_101,DONE,gmapping,circular,0.1,1.0,0.9,2,28.32120477371572,655552605.7737275,938863.4886738623,3750576,67.45885286783043,802,213,26.55860349127182,3,32
run_102,DONE,hector,circular,0.1,0.2,0.0174,2,27.76924792766359,790636685.2728082,945481.4005041744,3760872,75.88141391106043,877,262,29.874572405929307,6,49
run_103,DONE,hector,point_to_point,0.1,0.2,0.0174,1,30.53532824853454,783700335.1919192,810555.9418961962,3261928,77.6847599164927,958,293,30.58455114822547,2,48
run_104,DONE,karto,circular,0.05,1.0,0.9,4,27.65043307801445,653490849.5705086,936058.8635050205,3696088,39.594368085819646,2983,465,15.588333892054978,3,60
run_105,DONE,cartographer,circular,0.1,0.2,0.9,3,39.92241264102054,691535254.6730187,954504.1237534499,5879480,104.70710784313725,816,253,31.004901960784316,3,32
run_106,DONE,gmapping,point_to_point,0.05,1.0,0.9,1,28.232154816137104,659999422.6062003,813317.5999499563,3268776,39.65092165898618,3472,542,15.610599078341014,8,40
run_107,DONE,cartographer,point_to_point,0.1,1.0,0.0174,4,40.885960869809374,691977549.3180115,833912.3239703224,5089720,72.36901408450704,1065,412,38.68544600938967,1,38
run_108,DONE,karto,circular,0.05,0.2,0.9,3,26.886166256662197,654033606.8006238,933892.4565930428,3735584,42.87234737185766,3063,517,16.878876918054196,8,40
run_109,DONE,hector,point_to_point,0.1,1.0,0.0174,2,31.46484722993227,780068332.7711568,811463.0152557794,3224488,77.13496932515338,978,297,30.368098159509206,5,57
run_110,DONE,hector,circular,0.05,1.0,0.0174,2,29.176570712375806,780681616.3071554,943982.4594641906,3731536,51.82748364069007,3362,686,20.404521118381915,47,70
run_111,DONE,cartographer,point_to_point,0.05,1.0,0.9,3,42.94827614612189,690131007.4562719,828604.9565283323,4975040,120.62900407687827,3434,726,21.141525917297614,1,50
run_112,DONE,cartographer,circular,0.05,0.2,0.9,4,42.244801018432284,692738290.2461005,960260.8234572309,5873864,96.93474148802018,3172,936,29.508196721311474,4,64
run_113,DONE,karto,point_to_point,0.1,1.0,0.0174,3,28.244889648253327,656770314.6502311,813439.6791291836,3252008,73.58369098712447,932,270,28.96995708154507,1,52
run_114,DONE,hector,circular,0.1,0.2,0.9,1,27.497241428192787,786320218.8387097,933741.2526529066,3775272,68.16125150421179,831,223,26.835138387484957,4,50
run_115,DONE,cartographer,circular,0.1,0.2,0.0174,2,43.900130058654874,694762747.5709343,958368.1079165316,5860248,75.3576354679803,1015,427,42.06896551724138,3,42
run_116,DONE,gmapping,circular,0.05,1.0,0.0174,3,44.014248345503475,660110486.8044376,979680.929248116,3983312,49.432549504950494,3232,629,19.46163366336634,17,62
run_117,DONE,hector,circular,0.05,0.2,0.0174,3,28.705314452717854,783186604.7829938,938537.9927796738,3754176,53.557888422315536,3334,703,21.085782843431314,62,70
run_118,DONE,cartographer,circular,0.05,0.2,0.0174,3,42.634315091001184,691344108.4355923,962175.4864538277,5843720,49.96643159379408,3545,1053,29.70380818053597,3,47
run_119,DONE,karto,point_to_point,0.1,0.2,0.0174,2,28.49907582568265,653582037.3442875,812631.9687386656,3251272,73.43257820927724,927,268,28.91046386192017,1,52
run_120,DONE,karto,point_to_point,0.1,1.0,0.0174,4,27.90261547871125,653451352.2215384,811198.7534468086,3236088,70.63101604278074,935,260,27.807486631016044,1,26
run_121,DONE,cartographer,point_to_point,0.1,1.0,0.0174,5,43.58890028111683,689744897.2771263,827514.8853733017,5092000,77.97219558964525,1043,417,39.98082454458293,1,35
run_122,DONE,cartographer,circular,0.05,1.0,0.9,2,42.59878928417978,689999243.9584775,957636.0318960856,5865584,119.95459317585302,3810,1822,47.821522309711284,29,189
run_123,DONE,cartographer,circular,0.05,1.0,0.9,3,43.89158588700704,689690974.4148822,957961.0251115792,5863712,119.86777954425013,3774,1719,45.548489666136724,45,208
run_124,DONE,cartographer,point_to_point,0.1,0.2,0.0174,1,41.054970351370656,690486956.3716284,826912.7907582937,5087568,71.72292682926829,1025,377,36.78048780487805,1,28
run_125,DONE,hector,circular,0.05,1.0,0.0174,3,30.436951268836125,788105523.2670889,932611.4209941996,3756192,51.111179173047475,3265,657,20.12251148545176,29,67
run_126,DONE,gmapping,circular,0.05,1.0,0.9,4,28.94912442207548,658810291.1602749,940807.0183956842,3759296,40.004584151931894,3054,481,15.749836280288147,8,55
run_127,DONE,gmapping,point_to_point,0.05,1.0,0.9,2,31.15300021194316,658615334.8209893,809924.785514807,3269456,40.262088698140204,3495,554,15.851216022889842,11,112
run_128,DONE,hector,circular,0.1,1.0,0.0174,1,27.504103190588843,786728293.252018,935629.7728614016,3750952,71.85261489698891,1262,357,28.28843106180666,5,108
run_129,DONE,cartographer,point_to_point,0.05,0.2,0.9,2,41.08195448325852,689483765.7906281,829808.4335985061,5087192,110.63828571428571,3500,743,21.228571428571428,2,38
run_130,DONE,hector,circular,0.05,0.2,0.0174,4,27.788057723524553,780763501.4835511,933674.8615734419,3755208,51.33634992458522,3315,670,20.211161387631975,48,58
run_131,DONE,karto,circular,0.1,1.0,0.9,2,29.25317285859089,651805724.2328228,931234.629206659,3719216,64.31202046035806,782,198,25.31969309462916,3,38
run_132,DONE,hector,circular,0.1,1.0,0.0174,2,27.49784545843361,784381687.2430031,944942.0464047258,3762560,74.53394706559264,869,255,29.344073647871117,5,39
run_133,DONE,cartographer,circular,0.05,0.2,0.9,5,44.26798730536457,690644395.3316017,962300.879359023,5876984,96.70588235294117,3162,915,28.937381404174573,3,69
run_134,DONE,cartographer,circular,0.1,1.0,0.9,2,43.46003495658417,689606841.335354,960456.7009614449,5889960,122.87011349306431,793,247,31.147540983606557,4,48
run_135,DONE,karto,point_to_point,0.05,0.2,0.0174,3,28.902139654951444,654710855.9877738,810963.9811890606,3257232,46.90893617021277,3525,651,18.46808510638298,2,44
run_136,DONE,gmapping,circular,0.05,0.2,0.9,2,34.51758810993273,660138059.7858076,945082.6198915284,3813056,44.51047619047619,3150,552,17.523809523809526,14,64
run_137,DONE,hector,point_to_point,0.05,0.2,0.9,3,30.706733634603683,780170544.6271356,809790.5438951638,3261768,43.52616446233468,3478,596,17.136285221391603,7,63
run_138,DONE,cartographer,circular,0.1,1.0,0.0174,3,43.28822664726536,692083318.5637468,958745.0338905116,5851480,69.19096509240246,974,378,38.809034907597535,2,62
run_139,DONE,gmapping,circular,0.1,1.0,0.9,3,28.93808047238045,654526910.3648077,936881.1240162646,3749176,68.19211822660098,812,218,26.84729064039409,3,49
run_140,DONE,karto,circular,0.1,0.2,0.0174,3,31.286171603078213,655881373.8815331,933016.8435304959,3744584,75.11401425178147,842,249,29.572446555819475,2,39
run_141,DONE,hector,point_to_point,0.05,0.2,0.0174,1,28.741761078918014,782437696.5932027,807911.8596528255,3265192,49.82741398446171,3604,707,19.617092119866815,21,49
run_142,DONE,karto,circular,0.05,1.0,0.0174,2,28.432763684576546,655974878.245505,932472.2738610478,3734024,49.21097989147782,3133,607,19.374401532077883,5,55
run_143,DONE,gmapping,point_to_point,0.05,0.2,0.9,2,31.00780217760622,659654674.7985723,817996.9688216831,3291312,44.57900677200903,3544,622,17.55079006772009,5,37
run_144,DONE,karto,point_to_point,0.05,1.0,0.0174,2,28.031751825675567,654407023.946653,810025.7081751188,3258504,46.57630979498861,3512,644,18.337129840546698,1,40
run_145,DONE,hector,point_to_point,0.05,0.2,0.0174,2,30.78529933686469,780987528.9681529,809405.8263615363,3263456,50.351187189398125,3622,718,19.823302043070125,16,73
run_146,DONE,gmapping,circular,0.1,1.0,0.0174,2,41.15752351822929,658211065.5706488,971458.6177349462,3996536,74.10823529411765,850,248,29.176470588235293,5,50
run_147,DONE,cartographer,circular,0.05,1.0,0.0174,2,43.91495701864168,695685557.0839827,956793.5038633413,5850776,53.94907908992416,3692,1196,32.3943661971831,3,46
run_148,DONE,cartographer,point_to_point,0.1,0.2,0.0174,2,43.23179469621476,691511365.5103568,826054.7314159181,5070104,72.29280155642023,1028,381,37.06225680933852,1,27
run_149,DONE,hector,point_to_point,0.1,1.0,0.9,2,30.53087414461534,781440624.5416878,804661.6371959228,3266272,64.43488108720271,883,224,25.36806342015855,1,36
run_150,DONE,hector,circular,0.1,0.2,0.9,2,28.121847293728408,787362029.357016,933742.7577769349,3745904,62.08888888888889,810,198,24.444444444444443,4,41
run_151,DONE,cartographer,point_to_point,0.05,0.2,0.9,3,42.85832326787649,690335217.5612677,824460.9193050361,5089976,110.85460789925587,3494,791,22.638809387521466,2,49
run_152,DONE,cartographer,point_to_point,0.05,0.2,0.0174,2,41.19346010714725,691138425.0344484,827591.1363255264,5082288,50.50180878552972,3870,1096,28.320413436692505,1,39
run_153,DONE,cartographer,point_to_point,0.1,0.2,0.9,2,41.808562508953024,689246329.6734897,827995.9782510903,5089912,117.882096069869,916,267,29.148471615720524,1,38
run_154,DONE,cartographer,point_to_point,0.1,0.2,0.9,3,42.81114758208107,689347638.5143714,824134.9388292835,5103504,117.89543937708565,899,234,26.028921023359285,1,40
run_155,DONE,gmapping,circular,0.05,0.2,0.9,3,32.165452559683764,671130493.3439294,943682.5558126969,3814456,45.45431632010082,3174,568,17.895400126023944,22,72
run_156,DONE,cartographer,circular,0.05,1.0,0.9,4,43.547965689242154,689882533.1255411,957452.9609143784,5885680,118.19759506012349,3077,710,23.074423139421516,4,78
run_157,DONE,karto,circular,0.05,1.0,0.0174,3,28.514778627734817,658556919.3394169,933544.6102055759,3748792,48.27223113964687,3115,592,19.004815409309792,8,36
run_158,DONE,cartographer,point_to_point,0.05,0.2,0.0174,3,44.29612910807073,690848696.3916084,825742.5401614916,5072024,52.84108729743858,3826,1128,29.482488238369054,1,34
run_159,DONE,cartographer,point_to_point,0.05,1.0,0.0174,4,43.671781752399816,691715898.762475,827639.2547593815,5061520,49.46633481791983,3817,1069,28.006287660466334,1,30
run_160,DONE,hector,circular,0.05,1.0,0.9,4,28.68062572074336,785765802.7620113,928382.241161846,3772744,40.66357308584687,3017,483,16.009280742459396,12,72
run_161,DONE,karto,point_to_point,0.1,0.2,0.0174,3,30.25739197879239,654906655.5066968,809610.1860334147,3247760,74.07181719260065,919,268,29.16213275299238,1,58
run_162,DONE,karto,circular,0.1,0.2,0.0174,4,32.21029889258448,656311920.0523673,931591.6216265322,3751848,76.98806682577566,838,254,30.310262529832936,3,59
run_163,DONE,cartographer,point_to_point,0.1,1.0,0.9,2,43.40743174826415,689061127.0224439,826270.3089838639,5072128,124.83995584988962,906,278,30.684326710816777,2,49
run_164,DONE,hector,circular,0.05,0.2,0.9,5,28.46538980630991,785742345.1756272,929704.7458806956,3760416,46.16007532956686,3186,579,18.173258003766477,27,70
run_165,DONE,karto,point_to_point,0.05,0.2,0.9,2,26.804637530202474,652290642.5129387,806178.0955108803,3244776,43.23872832369942,3460,589,17.02312138728324,1,42
run_166,DONE,gmapping,point_to_point,0.05,0.2,0.9,3,31.239109344423838,675380769.9411314,815873.1287892433,3297976,46.14929577464789,3550,645,18.169014084507044,10,65
run_167,DONE,hector,point_to_point,0.05,1.0,0.0174,3,27.66349699697124,782576871.394683,807649.7308140189,3263752,50.93917808219178,3650,732,20.054794520547944,24,66
run_168,DONE,karto,circular,0.1,1.0,0.9,3,26.844150993482646,652640024.1509434,930290.2814788412,3719984,66.41581632653062,784,205,26.147959183673468,3,53
run_169,DONE,karto,point_to_point,0.05,1.0,0.9,2,32.213227823795556,652482869.4618473,805584.3995517155,3233512,38.13384660941664,3377,507,15.013325436778205,5,44
run_170,DONE,karto,point_to_point,0.05,1.0,0.9,3,30.68775454207764,651159334.171486,806084.5210617251,3215832,39.38678414096916,3405,528,15.506607929515418,1,69
run_171,DONE,hector,point_to_point,0.1,1.0,0.9,3,27.223345378779825,783595014.5674706,805769.1936827956,3249752,65.80909090909091,880,228,25.90909090909091,1,40
run_172,DONE,gmapping,circular,0.1,0.2,0.0174,2,43.237178339793914,661476894.5904927,973670.0899382428,3982992,69.90272835112692,843,232,27.52075919335706,4,39
run_173,DONE,karto,circular,0.05,0.2,0.9,4,30.834084407319857,652553402.1614528,931080.3801747056,3728136,41.9980198019802,3030,501,16.534653465346537,3,57
run_174,DONE,gmapping,point_to_point,0.1,1.0,0.0174,1,42.599749319893974,659634758.0631579,839124.9823357527,3445432,69.29752953813104,931,254,27.28249194414608,1,35
run_175,DONE,hector,circular,0.1,1.0,0.9,5,28.00795382580421,785436196.0595423,929700.9705779657,3766976,62.61245235069886,787,194,24.650571791613725,2,44
run_176,DONE,gmapping,point_to_point,0.1,1.0,0.9,3,31.94114240186564,658726860.4650228,808668.5892528916,3246912,63.84851811196487,911,229,25.13721185510428,1,64
run_177,DONE,hector,point_to_point,0.1,0.2,0.9,2,30.071194530975433,787491302.1935483,807091.0109110209,3262104,69.73098125689084,907,249,27.453142227122378,2,53
run_178,DONE,hector,circular,0.1,0.2,0.0174,3,28.118566079592384,791062901.8880284,929139.174706934,3754624,75.45124716553288,882,262,29.705215419501137,8,51
run_179,DONE,gmapping,circular,0.1,1.0,0.0174,3,41.08355867004894,663358309.9310946,972691.2652942131,3994632,75.28121353558926,857,254,29.638273045507585,6,59
run_180,DONE,gmapping,point_to_point,0.05,1.0,0.9,3,31.445946582254447,684073370.4249747,808054.3402309136,3257560,38.97510133178923,3454,530,15.344528083381586,6,47
run_181,DONE,cartographer,point_to_point,0.1,0.2,0.9,4,42.820429388737544,690735656.2294836,825658.3102762363,5072168,120.12972972972973,925,294,31.783783783783782,1,32
run_182,DONE,cartographer,circular,0.1,1.0,0.0174,4,41.27088696388628,692673289.3787122,950675.7737218615,5857472,72.4587995930824,983,404,41.09867751780264,3,40
run_183,DONE,hector,point_to_point,0.1,0.2,0.0174,2,27.374967833221746,783115983.36066,804158.8017877687,3255896,72.38065194532072,951,271,28.496319663512093,3,43
run_184,DONE,gmapping,circular,0.1,0.2,0.9,2,30.76793967364737,662719629.8685613,943574.8372196287,3801544,66.92401960784314,816,215,26.348039215686274,2,37
run_185,DONE,gmapping,circular,0.1,1.0,0.9,4,31.744021107409658,661375717.8982602,932665.8949174987,3749240,63.81909547738694,796,200,25.125628140703515,3,41
run_186,DONE,cartographer,point_to_point,0.05,1.0,0.0174,5,44.66265633412141,692028384.8147779,827934.8709126068,5084912,52.09055323590814,3832,1130,29.488517745302712,1,34
run_187,DONE,gmapping,point_to_point,0.05,0.2,0.9,4,31.647184743698997,685977166.9197452,815348.8547668167,3300936,41.79927109615924,3567,587,16.456405943369777,2,48
run_188,DONE,gmapping,circular,0.1,0.2,0.0174,3,44.23308689656464,663838948.8417393,973272.365133214,3990920,73.81969157769869,843,245,29.062870699881376,4,69
run_189,DONE,hector,point_to_point,0.05,1.0,0.9,4,27.619578143149987,782063784.0761513,805382.8518227169,3264208,41.4678738317757,3424,559,16.325934579439252,13,68
run_190,DONE,hector,circular,0.05,0.2,0.0174,5,27.314871282887214,783955818.9294512,930254.631495013,3758648,52.06015503875969,3225,661,20.49612403100775,26,64
run_191,DONE,gmapping,point_to_point,0.05,0.2,0.0174,2,42.829134204965015,687045272.5079046,839143.873833073,3445224,49.571192963166574,3638,710,19.516217702034087,12,62
run_192,DONE,hector,circular,0.1,0.2,0.9,3,27.830462143634023,788848304.6388515,929776.3575084065,3759752,70.55555555555556,810,225,27.77777777777778,3,51
run_193,DONE,hector,point_to_point,0.1,1.0,0.0174,3,27.58495671842732,779781133.054564,802929.0192707486,3260800,75.4270724029381,953,283,29.69569779643232,3,37
run_194,DONE,cartographer,point_to_point,0.1,0.2,0.0174,3,37.193104608606546,691210243.0812438,823448.1340132236,5088336,76.4443378119002,1042,420,40.30710172744721,1,36
run_195,DONE,gmapping,point_to_point,0.1,0.2,0.0174,4,40.09182439198135,663365367.9253091,840229.5192391848,3449904,70.45058448459086,941,261,27.73645058448459,1,45
run_196,DONE,hector,circular,0.05,1.0,0.9,5,27.421781798407327,786285689.7853006,926717.3505252887,3752224,39.45631067961165,2987,464,15.53398058252427,10,73
run_197,DONE,gmapping,point_to_point,0.05,1.0,0.9,4,31.600629845684317,691097344.0644999,805366.5068134342,3237120,39.943548387096776,3472,546,15.725806451612904,8,79
run_198,DONE,gmapping,circular,0.05,0.2,0.0174,4,42.4469009334476,696208367.4622437,973905.2294996205,3981472,48.39975132110662,3217,613,19.055020205160087,27,49
run_199,DONE,karto,circular,0.1,0.2,0.0174,5,29.23925177734828,657449829.617888,931071.1371177523,3751600,74.41646489104116,826,242,29.297820823244553,3,35
run_200,DONE,karto,point_to_point,0.05,1.0,0.0174,3,28.182408909584602,655761024.0657421,805092.2134167084,3249480,46.41076487252125,3530,645,18.271954674220964,3,77
run_201,DONE,gmapping,point_to_point,0.05,1.0,0.0174,3,40.71443349677988,695915367.2914459,839713.7252157871,3430800,49.31638723634397,3698,718,19.415900486749592,18,95
run_202,DONE,cartographer,point_to_point,0.1,0.2,0.0174,4,41.24028505192889,692274941.1868132,825464.6157329173,5090672,74.07809523809524,1050,409,38.952380952380956,1,35
run_203,DONE,karto,point_to_point,0.1,0.2,0.9,2,26.786262956599604,654478223.0432991,807625.4401748922,3232072,68.503884572697,901,243,26.970033296337405,1,68
run_204,DONE,cartographer,point_to_point,0.1,1.0,0.9,3,39.832916824623254,690583639.0835418,822624.2186091187,5088872,124.54932735426009,892,266,29.82062780269058,1,43
run_205,DONE,gmapping,point_to_point,0.1,1.0,0.9,4,28.05525848705501,665249211.1452817,804666.4533650059,3264344,65.31428571428572,910,234,25.71428571428571,2,33
run_206,DONE,cartographer,circular,0.1,1.0,0.9,3,43.350963335588254,691531318.6236745,948108.163772993,5884792,123.83174224343675,838,348,41.527446300715994,6,61
run_207,DONE,gmapping,point_to_point,0.1,1.0,0.0174,2,38.893492648731225,646603097.6715809,845221.3648202749,3478648,71.59914255091104,933,263,28.188638799571276,1,61
run_208,DONE,cartographer,circular,0.1,0.2,0.0174,3,42.27893053912249,686929328.3949761,955763.7919467876,5915584,73.01691542288557,1005,419,41.691542288557216,2,34
run_209,DONE,cartographer,point_to_point,0.05,1.0,0.9,4,42.823113757690635,685770095.944028,833484.6282138623,5106496,120.33206886489641,3427,848,24.7446746425445,5,67
run_210,DONE,karto,circular,0.1,1.0,0.9,4,26.60826839305044,648630958.4702474,934808.9396076624,3769744,61.55612244897959,784,190,24.23469387755102,3,52
run_211,DONE,karto,circular,0.05,1.0,0.0174,4,32.18199214773522,652980584.7829491,936563.8362220415,3743392,51.05729661285217,3159,635,20.10129787907566,5,54
run_212,DONE,karto,point_to_point,0.1,0.2,0.9,3,29.889831345896862,650210543.4402214,805919.3748414931,3280184,70.94194961664842,913,255,27.92990142387733,1,47
run_213,DONE,cartographer,circular,0.05,1.0,0.0174,3,42.051520034742005,690675032.5940077,960466.3507708536,5884664,52.84888768312534,3686,1205,32.69126424308193,3,52
run_214,DONE,hector,point_to_point,0.05,0.2,0.9,4,27.03914284552218,780664443.8688357,807331.2820952084,3302784,42.405084745762714,3540,591,16.694915254237287,10,76
run_215,DONE,karto,point_to_point,0.05,1.0,0.9,4,27.34552473344921,650600717.6954732,808365.887567432,3261744,38.49162995594714,3405,516,15.15418502202643,1,38
run_216,DONE,hector,point_to_point,0.1,1.0,0.0174,4,27.929013340019736,783325124.3190184,808959.3805481676,3299000,73.75052410901468,954,277,29.035639412997906,2,36
run_217,DONE,cartographer,point_to_point,0.05,1.0,0.9,5,42.07740922124161,689300493.803295,830217.9659121769,5117728,120.35007299270073,3425,784,22.89051094890511,5,59
run_218,DONE,karto,point_to_point,0.1,1.0,0.9,2,30.407074275554105,650793010.7084386,806847.8263863764,3195952,63.071910112359554,890,221,24.831460674157306,1,24
run_219,DONE,cartographer,point_to_point,0.05,0.2,0.0174,4,48.89540344079137,689524414.7049713,813560.4432690266,4526864,49.34241245136187,3855,1054,27.341115434500647,1,44
run_220,DONE,cartographer,point_to_point,0.1,0.2,0.9,5,43.84445309359604,689022334.1810023,824330.2593034394,4963824,118.2171552660152,921,255,27.68729641693811,1,27
run_221,DONE,karto,point_to_point,0.05,1.0,0.0174,4,29.912778555690554,654686809.5508323,807447.8949216458,3197808,46.005102040816325,3528,639,18.112244897959183,2,28
run_222,DONE,gmapping,point_to_point,0.05,0.2,0.0174,3,45.402067907460854,659032309.3467844,823024.2342001,3036648,45.642280945757996,3595,646,17.969401947148818,7,36
run_223,DONE,cartographer,circular,0.1,1.0,0.0174,5,39.628819763246504,692468297.7777778,950920.1249285636,5907512,73.54375614552606,1017,441,43.36283185840708,2,34
run_224,DONE,cartographer,circular,0.05,1.0,0.0174,4,44.60482503696212,693723932.6906103,955978.8619265507,5889448,51.55355160932297,3604,1160,32.18645948945616,3,50
run_225,DONE,karto,point_to_point,0.1,1.0,0.9,3,29.164610303456055,653048051.8466616,803778.5172633424,3271096,67.42857142857143,889,236,26.546681664791898,1,43
run_226,DONE,karto,point_to_point,0.1,0.2,0.0174,4,27.941182640581946,656496091.6457528,804896.9867321406,3278768,70.87730727470141,921,257,27.90445168295331,1,59
run_227,DONE,karto,point_to_point,0.05,1.0,0.9,5,26.63947577122336,654145708.1141095,801870.2023592694,3277216,38.43961210696445,3403,515,15.13370555392301,2,25
run_228,DONE,karto,point_to_point,0.05,0.2,0.0174,4,28.0861338901812,656647785.1195098,809155.8766343506,3289752,46.49171901770417,3502,641,18.3038263849229,1,43
run_229,DONE,gmapping,circular,0.1,1.0,0.9,5,32.62325067409274,656370662.6189954,930034.9833204969,3808400,69.49938650306748,815,223,27.361963190184046,4,42
run_230,DONE,cartographer,circular,0.1,0.2,0.0174,4,42.941172989969495,694518152.5850282,952567.0781050527,5912816,75.8659793814433,1067,476,44.61105904404874,2,48
run_231,DONE,gmapping,point_to_point,0.1,0.2,0.9,2,30.48822175927244,655799879.0782652,816176.7315022211,3334672,65.64667393675028,917,237,25.84514721919302,1,30
run_232,DONE,karto,circular,0.05,1.0,0.9,5,27.71294199956479,654244544.5265733,927136.5195879927,3772568,39.22812920592194,2972,459,15.444145356662181,3,50
run_233,DONE,gmapping,point_to_point,0.1,1.0,0.9,5,29.989580694147712,656235295.943075,805870.4547999748,3287032,63.43075245365322,917,229,24.972737186477644,3,62
run_234,DONE,gmapping,point_to_point,0.1,0.2,0.9,3,32.0140091771686,655307871.4620478,815737.091782073,3340528,69.64516129032258,930,255,27.419354838709676,1,52
run_235,DONE,karto,circular,0.1,1.0,0.9,5,29.62895309261935,654103683.4200612,927924.0750894988,3771784,65.92366412213741,786,204,25.954198473282442,3,58
run_236,DONE,gmapping,circular,0.05,0.2,0.0174,5,42.77704558891681,662490148.4198122,974157.3914462408,4004848,50.43691733996271,3218,639,19.85705407085146,23,59
run_237,DONE,karto,point_to_point,0.05,1.0,0.0174,5,30.985213205605607,656515666.2972496,806581.7050243993,3286704,47.23736513344691,3522,655,18.597387847813742,1,68
run_238,DONE,hector,point_to_point,0.1,1.0,0.9,4,30.564256687928797,785203421.3211567,806330.0738177955,3300792,72.33112582781457,906,258,28.47682119205298,1,51
run_239,DONE,cartographer,circular,0.1,1.0,0.9,4,42.115379981829136,687810870.9761387,946865.3165584769,5921048,122.73258706467662,804,253,31.467661691542286,3,54
run_240,DONE,hector,point_to_point,0.05,0.2,0.0174,3,27.413383052246807,781689626.369381,803552.9430395403,3297408,49.96952064283735,3609,710,19.673039623164314,23,58
run_241,DONE,gmapping,circular,0.1,0.2,0.9,3,33.61049528889799,652176509.793585,940103.4554859005,3848744,73.00966183574879,828,238,28.743961352657006,3,48
run_242,DONE,gmapping,circular,0.1,1.0,0.0174,4,43.13357978180317,652834908.645498,971929.4586205699,4035744,71.25117370892019,852,239,28.051643192488264,5,60
run_243,DONE,hector,point_to_point,0.05,0.2,0.9,5,30.406359942730138,781666379.1654098,800797.2226829117,3292400,43.12654943787835,3469,589,16.97895647160565,10,48
run_244,DONE,hector,point_to_point,0.05,1.0,0.0174,4,30.490985678457513,773704737.4708886,807275.1431162179,3294224,49.439037725533076,3658,712,19.464188080918536,29,55
run_245,DONE,cartographer,circular,0.1,0.2,0.9,4,41.0027124483949,688042311.0401387,947959.5501368528,5912248,105.93582263710618,857,290,33.838973162193696,3,49
run_246,DONE,hector,point_to_point,0.05,1.0,0.0174,5,27.3003842842872,781323627.0163933,802275.324658125,3290616,49.547243003602105,3609,704,19.506788584095318,20,47
run_247,DONE,gmapping,point_to_point,0.05,0.2,0.0174,4,40.31700681997325,657188287.6291258,838802.8913716178,3480352,49.63621308308032,3623,708,19.54181617444107,7,36
run_248,DONE,karto,point_to_point,0.05,0.2,0.9,3,30.32630508536925,650158195.2194628,801823.2219084591,3262472,42.44367216912829,3453,577,16.710107153200116,2,54
run_249,DONE,gmapping,point_to_point,0.1,0.2,0.9,4,30.522450619787477,653261722.2049834,811717.4709843554,3339872,69.07258938244854,923,251,27.193932827735644,1,43
run_250,DONE,gmapping,point_to_point,0.05,0.2,0.9,5,31.0770542268018,659434756.2330196,814157.9678450484,3328656,42.83730158730159,3528,595,16.865079365079367,5,57
run_251,DONE,hector,circular,0.05,1.0,0.0174,4,29.751266228105234,780041665.423475,929545.0527188516,3805496,52.243360098826436,3238,666,20.56825200741198,19,58
run_252,DONE,cartographer,point_to_point,0.1,0.2,0.0174,5,42.486870001508656,689391148.7329006,821640.3759552314,5105592,73.435438265787,1061,416,39.20829406220547,1,39
run_253,DONE,cartographer,point_to_point,0.05,0.2,0.0174,5,43.38037088338769,689962710.5938907,822628.7623178187,5085552,49.119348054679286,3804,1033,27.155625657202943,1,45
run_254,DONE,karto,point_to_point,0.1,0.2,0.0174,5,32.08616480895243,653529872.4069176,805437.4407194648,3284520,73.67099567099567,924,268,29.004329004329005,1,50
run_255,DONE,gmapping,circular,0.05,1.0,0.0174,4,41.451783779283716,658766910.9774567,968592.5790829671,4020232,50.36139377119951,3243,643,19.82732038236201,28,66
run_256,DONE,karto,circular,0.05,0.2,0.0174,5,28.583803681155572,654855682.3888025,940533.269409404,3769824,49.382175705677135,3153,613,19.441801458928005,6,68
run_257,DONE,gmapping,circular,0.1,0.2,0.9,4,30.63727580943905,652963118.7774086,940703.2667866631,3839040,70.37098692033294,841,233,27.705112960760996,5,67
run_258,DONE,karto,circular,0.1,1.0,0.0174,3,29.893612365470585,654718305.6634362,935314.8086769015,3787632,77.3309265944645,831,253,30.445246690734056,3,38
run_259,DONE,gmapping,point_to_point,0.1,0.2,0.9,5,30.73514970826749,652152116.3264261,814826.9488081036,3335064,67.67853290183388,927,247,26.64509169363538,1,44
run_260,DONE,karto,circular,0.05,1.0,0.0174,5,28.410628860176587,654504347.5247259,935166.7287192278,3791680,50.199872286079184,3132,619,19.76372924648787,5,40
run_261,DONE,karto,circular,0.1,0.2,0.9,3,30.106041157607034,651333906.6377517,930213.1527065587,3776536,68.69975186104219,806,218,27.04714640198511,3,40
run_262,DONE,gmapping,point_to_point,0.1,1.0,0.0174,3,42.1387210238016,653146748.2618327,839548.0606472655,3478504,73.06485355648536,956,275,28.765690376569037,3,49
run_263,DONE,hector,point_to_point,0.1,0.2,0.9,3,27.35759613764234,777834892.1826153,808820.0024035459,3302904,66.90178571428571,896,236,26.339285714285715,1,40
run_264,DONE,hector,point_to_point,0.1,1.0,0.0174,5,30.57519061927815,785072514.27758,805932.0127113247,3294736,76.7784679089027,966,292,30.22774327122153,4,43
run_265,DONE,cartographer,point_to_point,0.05,0.2,0.9,4,42.95097292878681,688774682.8129675,825829.7547231574,5095264,110.85799828913602,3507,778,22.184203022526376,1,80
run_266,DONE,gmapping,circular,0.05,1.0,0.9,5,29.383348148836532,658391188.9454546,935772.041563737,3803520,41.198168737737085,3058,496,16.219751471550033,6,44
run_267,DONE,hector,circular,0.1,1.0,0.0174,3,30.62113194782417,782253054.2097902,932092.0005874898,3789136,70.19203747072599,854,236,27.634660421545664,3,39
run_268,DONE,hector,point_to_point,0.1,0.2,0.0174,3,27.5999228530978,780495999.0118374,811199.9148376219,3302536,69.73068893528183,958,263,27.45302713987474,4,79
run_269,DONE,gmapping,point_to_point,0.1,0.2,0.0174,5,42.02695583173241,653300681.564694,841210.3980491464,3484120,70.6295907660021,953,265,27.806925498426022,3,34
run_270,DONE,karto,point_to_point,0.1,1.0,0.9,4,26.414433323687557,650888730.0428609,805345.5339780906,3273528,68.40618101545253,906,244,26.93156732891832,1,59
run_271,DONE,karto,circular,0.05,0.2,0.9,5,31.78609468238995,651548374.7024668,927724.4441065134,3786520,42.05573770491803,3050,505,16.557377049180328,3,60
run_272,DONE,hector,point_to_point,0.05,0.2,0.0174,4,27.978472974375876,782120960.0,805542.7115443292,3287208,50.91097760786455,3662,734,20.043691971600218,20,57
run_273,DONE,cartographer,point_to_point,0.05,0.2,0.9,5,41.261161495615404,689298118.3423424,827897.6357787753,5108624,110.17310403157597,3547,792,22.32872850296025,1,64
run_274,DONE,gmapping,circular,0.1,1.0,0.0174,5,40.62026704649196,654076310.5519807,973614.2023739018,4036536,71.50294464075382,849,239,28.150765606595996,4,49
run_275,DONE,karto,point_to_point,0.05,0.2,0.9,4,26.753012433233767,651485124.9433572,806597.723492838,3269400,40.86086956521739,3450,555,16.08695652173913,2,45
run_276,DONE,cartographer,point_to_point,0.1,1.0,0.9,4,39.702895990563114,689353070.0429356,822725.5902554834,5120792,124.4391891891892,888,257,28.94144144144144,1,45
run_277,DONE,hector,point_to_point,0.1,0.2,0.9,4,27.739260075148678,781750252.004111,802941.0436356815,3289216,65.47555555555556,900,232,25.77777777777778,1,40
run_278,DONE,cartographer,circular,0.05,1.0,0.9,5,40.96988744110426,691036332.5193226,951278.521103896,5893064,119.71115271462958,3739,1625,43.460818400641884,23,193
run_279,DONE,karto,circular,0.1,1.0,0.0174,4,28.270100421544036,656408713.903233,930122.1068031451,3785144,77.13404507710557,843,256,30.36773428232503,3,47
run_280,DONE,karto,point_to_point,0.05,0.2,0.9,5,27.378259817677602,652478417.741273,804899.8965885077,3259784,42.08806488991889,3452,572,16.57010428736964,1,49
run_281,DONE,hector,circular,0.1,0.2,0.0174,4,27.333145990408163,785198752.1511133,930109.3956980968,3789256,74.38739573679332,1079,316,29.28637627432808,7,71
run_282,DONE,hector,circular,0.1,1.0,0.0174,4,30.59551516415853,788796450.2752134,929577.2357659277,3778536,70.65818181818182,1100,306,27.81818181818182,11,72
run_283,DONE,hector,point_to_point,0.05,1.0,0.9,5,28.150129310594107,785605924.2688729,804411.6359767384,3291296,41.95106321002039,3433,567,16.516166618118262,6,69
run_284,DONE,gmapping,circular,0.1,0.2,0.0174,4,42.834629597312706,657477393.5190094,970640.8650762136,4029696,73.9719298245614,855,249,29.122807017543863,5,42
run_285,DONE,gmapping,point_to_point,0.05,1.0,0.0174,4,38.98400202863541,661918894.9301034,833607.2404428044,3475976,49.850467289719624,3638,714,19.626168224299064,13,53
run_286,DONE,gmapping,point_to_point,0.05,1.0,0.9,5,30.065761178044525,660819487.2291133,807051.1459853924,3200200,37.83916690772346,3457,515,14.89730980619034,1,56
run_287,DONE,hector,point_to_point,0.1,0.2,0.9,5,28.600875421361014,778483423.0442842,805795.4900736396,3248352,69.22197802197802,910,248,27.252747252747252,1,50
run_288,DONE,karto,point_to_point,0.1,0.2,0.9,4,28.962411010253224,655158364.7121058,803878.1921309019,3228040,70.50928961748635,915,254,27.759562841530055,1,37
run_289,DONE,gmapping,circular,0.05,0.2,0.9,4,32.69722101643162,661677962.5584472,938743.1980028156,3788264,43.554358161648175,3155,541,17.147385103011093,21,91
run_290,DONE,karto,point_to_point,0.1,1.0,0.9,5,26.489660596439773,655345286.6670122,803792.7552467324,3266792,62.71604938271605,891,220,24.691358024691358,1,46
run_291,DONE,karto,circular,0.1,1.0,0.0174,5,28.643038321220153,658974216.1992882,933521.8949511664,3770632,77.68697729988052,837,256,30.58542413381123,3,42
run_292,DONE,karto,point_to_point,0.1,0.2,0.9,5,30.445454519876343,654013222.4450027,807504.9972572572,3247672,72.05869565217391,920,261,28.369565217391308,1,53
run_293,DONE,gmapping,circular,0.05,0.2,0.9,5,34.921805452063154,663089633.4095073,938092.0241873442,3796304,44.41971383147854,3145,550,17.488076311605724,15,57
run_294,DONE,hector,point_to_point,0.1,0.2,0.0174,4,27.28947238946667,784071876.3655082,806375.0832054091,3281888,79.85108583247157,967,304,31.437435367114787,4,37
run_295,DONE,karto,point_to_point,0.05,0.2,0.0174,5,31.039742926195746,656223367.2258066,810293.5332004252,3282304,45.134626354820305,3506,623,17.769537934968625,2,30
run_296,DONE,hector,point_to_point,0.1,0.2,0.0174,5,30.42580965742705,783009895.3512428,806830.5036367045,3294696,75.26910994764398,955,283,29.63350785340314,2,68
run_297,DONE,hector,circular,0.1,0.2,0.9,4,30.305412441713226,788752014.8057617,931719.5156512308,3803416,70.05253283302063,1066,294,27.5797373358349,3,94
run_298,DONE,gmapping,circular,0.1,0.2,0.0174,5,40.76573368967585,657333130.8882571,972488.4025982963,4030616,73.61053837342497,873,253,28.980526918671252,7,42
run_299,DONE,hector,circular,0.05,1.0,0.0174,5,28.372692683905253,786325200.2867384,928578.7759645795,3749576,51.41951219512195,3280,664,20.243902439024392,29,72
run_300,DONE,gmapping,circular,0.1,0.2,0.9,5,33.847079387824195,656955620.05338,944598.0517310195,3821840,67.87666263603386,827,221,26.723095525997582,4,54
run_301,DONE,karto,circular,0.1,0.2,0.9,4,29.95959549742653,655346291.1409101,931309.117905867,3774488,71.98762376237623,808,229,28.341584158415838,3,45
run_302,DONE,gmapping,point_to_point,0.1,1.0,0.0174,4,41.72915827074358,656579337.2903224,836974.8827175543,3440112,71.84110169491525,944,267,28.283898305084747,1,46
run_303,DONE,hector,point_to_point,0.05,0.2,0.0174,5,28.30975176838313,781688761.7588942,809371.8453272136,3284608,51.29048275862069,3625,732,20.193103448275863,12,50
run_304,DONE,cartographer,circular,0.1,0.2,0.0174,5,42.02523379910911,694571078.2679696,955986.931097396,5911320,77.51898734177215,1027,451,43.9143135345667,3,47
run_305,DONE,gmapping,circular,0.05,1.0,0.0174,5,43.3820456827556,664764611.2174102,974603.3228113124,4026664,48.609801488833746,3224,617,19.13771712158809,12,120
run_306,DONE,hector,circular,0.1,1.0,0.0174,5,28.3454889248742,794592809.4151112,934480.6810651644,3811144,80.10321100917432,872,275,31.536697247706424,6,55
run_307,DONE,gmapping,point_to_point,0.1,1.0,0.0174,5,39.15377836876012,658477322.1884131,841079.3726809601,3470992,67.46455026455027,945,251,26.560846560846564,4,32
run_308,DONE,cartographer,circular,0.05,0.2,0.0174,4,44.407013295326394,695824593.2329004,955033.7175080619,5896712,54.928896017107725,3741,1262,33.73429564287624,3,46
run_309,DONE,gmapping,point_to_point,0.05,1.0,0.0174,5,41.525909200179896,666940559.0569352,842244.4939397922,3484912,47.64689655172414,3625,680,18.758620689655174,8,67
run_310,DONE,hector,circular,0.1,0.2,0.9,5,28.28592810078021,788651842.6160375,933957.5980148531,3805272,60.566791510611736,801,191,23.845193508114857,3,69
run_311,DONE,karto,point_to_point,0.1,1.0,0.0174,5,27.685854504387837,657021951.4713475,810439.2441524309,3273712,69.29782608695652,920,251,27.282608695652172,1,38
run_312,DONE,gmapping,point_to_point,0.05,0.2,0.0174,5,40.66999243656735,666552381.4038801,845928.0630475833,3486184,50.52164383561644,3650,726,19.89041095890411,6,90
run_313,DONE,cartographer,circular,0.05,1.0,0.0174,5,42.60335601844631,695445930.0939598,958945.0914857481,5902488,52.27525461051473,3633,1166,32.094687586017066,3,56
run_314,DONE,cartographer,circular,0.1,1.0,0.9,5,42.32128202814538,694139643.0673307,957700.2120034628,5922784,122.83706467661692,804,250,31.094527363184078,3,40
run_315,DONE,karto,circular,0.1,0.2,0.9,5,26.787575493924447,658209385.3747486,929881.4479654948,3779448,65.19440914866583,787,202,25.667090216010163,3,52
run_316,DONE,cartographer,circular,0.05,0.2,0.0174,5,43.735620289389594,696239632.9521749,960621.3983226016,5883072,53.46784260515604,3685,1209,32.808683853459975,3,43
run_317,DONE,hector,circular,0.1,0.2,0.0174,5,27.339192245676422,788382003.2454505,936113.3401398907,3803640,72.6936026936027,891,255,28.619528619528616,7,87
run_318,DONE,cartographer,circular,0.1,0.2,0.9,5,42.169224435444974,693615097.1200694,956718.046741342,5912200,104.9037304452467,831,272,32.731648616125156,3,52
run_319,DONE,cartographer,point_to_point,0.1,1.0,0.9,5,39.87882766924356,691240227.2152343,826721.3755536161,5122048,124.46725860155382,901,271,30.077691453940066,1,30
run_320,DONE,hector,point_to_point,0.1,1.0,0.9,5,27.1590101171259,784685686.9254963,810765.7844670875,3286448,71.17582417582418,910,255,28.021978021978022,1,60
